-- phpMyAdmin SQL Dump
-- version 5.1.1
-- https://www.phpmyadmin.net/
--
-- Hôte : 127.0.0.1:3306
-- Généré le : mer. 18 oct. 2023 à 05:58
-- Version du serveur : 8.0.27
-- Version de PHP : 7.4.26

SET SQL_MODE = "NO_AUTO_VALUE_ON_ZERO";
START TRANSACTION;
SET time_zone = "+00:00";


/*!40101 SET @OLD_CHARACTER_SET_CLIENT=@@CHARACTER_SET_CLIENT */;
/*!40101 SET @OLD_CHARACTER_SET_RESULTS=@@CHARACTER_SET_RESULTS */;
/*!40101 SET @OLD_COLLATION_CONNECTION=@@COLLATION_CONNECTION */;
/*!40101 SET NAMES utf8mb4 */;

--
-- Base de données : `ma_sance`
--

-- --------------------------------------------------------

--
-- Structure de la table `compte`
--

DROP TABLE IF EXISTS `compte`;
CREATE TABLE IF NOT EXISTS `compte` (
  `id` int NOT NULL AUTO_INCREMENT,
  `login` varchar(255) NOT NULL,
  `password` varchar(255) NOT NULL,
  `registration_date` date NOT NULL,
  `mail_active` tinyint(1) NOT NULL DEFAULT '1',
  PRIMARY KEY (`id`)
) ENGINE=MyISAM AUTO_INCREMENT=197 DEFAULT CHARSET=utf8mb3;

--
-- Déchargement des données de la table `compte`
--

INSERT INTO `compte` (`id`, `login`, `password`, `registration_date`, `mail_active`) VALUES
(2, 'nora.youcefi@gmail.com', '1d3dc74dffb44ef6576a771af32d3b3b99ac9c554b1bf698b86a3c0fbf7d8619', '2023-08-04', 1),
(3, 'lorrainefaure@hotmail.fr', '1d3dc74dffb44ef6576a771af32d3b3b99ac9c554b1bf698b86a3c0fbf7d8619', '2023-08-04', 1),
(4, 'sabbarnabe@gmail.com', '1d3dc74dffb44ef6576a771af32d3b3b99ac9c554b1bf698b86a3c0fbf7d8619', '2023-08-04', 1),
(5, 'laurine.annon@gmail.com', '1d3dc74dffb44ef6576a771af32d3b3b99ac9c554b1bf698b86a3c0fbf7d8619', '2023-08-04', 1),
(6, 'Emiliefairet@yahoo.fr', '1d3dc74dffb44ef6576a771af32d3b3b99ac9c554b1bf698b86a3c0fbf7d8619', '2023-08-04', 0),
(7, 'camille.clmt94@gmail.com', '1d3dc74dffb44ef6576a771af32d3b3b99ac9c554b1bf698b86a3c0fbf7d8619', '2023-08-04', 0),
(8, 'jolalko@gmail.com', '1d3dc74dffb44ef6576a771af32d3b3b99ac9c554b1bf698b86a3c0fbf7d8619', '2023-08-04', 1),
(9, 'clementine.ripault@hotmail.fr', '1d3dc74dffb44ef6576a771af32d3b3b99ac9c554b1bf698b86a3c0fbf7d8619', '2023-08-04', 1),
(10, 'geraldigne@gmail.com', '1d3dc74dffb44ef6576a771af32d3b3b99ac9c554b1bf698b86a3c0fbf7d8619', '2023-08-04', 1),
(11, 'cthiltges@gmail.com', '1d3dc74dffb44ef6576a771af32d3b3b99ac9c554b1bf698b86a3c0fbf7d8619', '2023-08-04', 1),
(12, 'sdliberafr@gmail.com', '1d3dc74dffb44ef6576a771af32d3b3b99ac9c554b1bf698b86a3c0fbf7d8619', '2023-08-04', 1),
(13, 'nine143@hotmail.com', '1d3dc74dffb44ef6576a771af32d3b3b99ac9c554b1bf698b86a3c0fbf7d8619', '2023-08-04', 1),
(14, 'nahema.pvh@hotmail.fr', '1d3dc74dffb44ef6576a771af32d3b3b99ac9c554b1bf698b86a3c0fbf7d8619', '2023-08-04', 1),
(15, 'meidi.lakrout@gmail.com', '1d3dc74dffb44ef6576a771af32d3b3b99ac9c554b1bf698b86a3c0fbf7d8619', '2023-08-04', 0),
(16, 'leadorion@gmail.com', '1d3dc74dffb44ef6576a771af32d3b3b99ac9c554b1bf698b86a3c0fbf7d8619', '2023-08-04', 0),
(17, 'v.tezier@gmail.com', '1d3dc74dffb44ef6576a771af32d3b3b99ac9c554b1bf698b86a3c0fbf7d8619', '2023-08-04', 1),
(18, 'gaaile@yahoo.fr', '1d3dc74dffb44ef6576a771af32d3b3b99ac9c554b1bf698b86a3c0fbf7d8619', '2023-08-04', 1),
(19, 'mauud.br@gmail.com', '1d3dc74dffb44ef6576a771af32d3b3b99ac9c554b1bf698b86a3c0fbf7d8619', '2023-08-04', 1),
(20, 'alice.desindes@sncf.fr', '1d3dc74dffb44ef6576a771af32d3b3b99ac9c554b1bf698b86a3c0fbf7d8619', '2023-08-04', 1),
(21, 'Jess8billard@gmail.com', '1d3dc74dffb44ef6576a771af32d3b3b99ac9c554b1bf698b86a3c0fbf7d8619', '2023-08-04', 1),
(22, 'elka.weibel13@gmail.com', 'ef26835d7ed32ff01a45f727dc9e04b1e2e536687572aabf52ee14b1d6ac1a7e', '2023-08-04', 1),
(23, 'Laurie.lprte@gmail.com', '1d3dc74dffb44ef6576a771af32d3b3b99ac9c554b1bf698b86a3c0fbf7d8619', '2023-08-04', 1),
(24, 'marie.elmkhanter@gmail.com', '1d3dc74dffb44ef6576a771af32d3b3b99ac9c554b1bf698b86a3c0fbf7d8619', '2023-08-04', 1),
(25, 'arnaudtournaire@yahoo.fr', '1d3dc74dffb44ef6576a771af32d3b3b99ac9c554b1bf698b86a3c0fbf7d8619', '2023-08-04', 1),
(26, 'Samy.zakki@outlook.fr', '1d3dc74dffb44ef6576a771af32d3b3b99ac9c554b1bf698b86a3c0fbf7d8619', '2023-08-04', 1),
(27, 'jechapartegui@gmail.com', '1d3dc74dffb44ef6576a771af32d3b3b99ac9c554b1bf698b86a3c0fbf7d8619', '2023-08-04', 1),
(28, 'noraayad@msn.com', '1d3dc74dffb44ef6576a771af32d3b3b99ac9c554b1bf698b86a3c0fbf7d8619', '2023-08-04', 1),
(29, 'antoine.fiel@gmail.com', '1d3dc74dffb44ef6576a771af32d3b3b99ac9c554b1bf698b86a3c0fbf7d8619', '2023-08-04', 1),
(30, 'charlene.julienne@free.fr', '1d3dc74dffb44ef6576a771af32d3b3b99ac9c554b1bf698b86a3c0fbf7d8619', '2023-08-04', 0),
(31, 'raoul.jo@gmail.com', '1d3dc74dffb44ef6576a771af32d3b3b99ac9c554b1bf698b86a3c0fbf7d8619', '2023-08-04', 1),
(32, 'weinland.liza@gmail.com', '1d3dc74dffb44ef6576a771af32d3b3b99ac9c554b1bf698b86a3c0fbf7d8619', '2023-08-04', 1),
(33, 'ddlegac@yahoo.fr', '1d3dc74dffb44ef6576a771af32d3b3b99ac9c554b1bf698b86a3c0fbf7d8619', '2023-08-04', 1),
(34, 'mathieubench@gmail.com', '1d3dc74dffb44ef6576a771af32d3b3b99ac9c554b1bf698b86a3c0fbf7d8619', '2023-08-04', 1),
(35, 'charline.s.fourie@gmail.com', '1d3dc74dffb44ef6576a771af32d3b3b99ac9c554b1bf698b86a3c0fbf7d8619', '2023-08-04', 1),
(36, 'maxime.mouliney@gmail.com', '1d3dc74dffb44ef6576a771af32d3b3b99ac9c554b1bf698b86a3c0fbf7d8619', '2023-08-04', 1),
(37, 'tokokam@yahoo.fr', '1d3dc74dffb44ef6576a771af32d3b3b99ac9c554b1bf698b86a3c0fbf7d8619', '2023-08-04', 1),
(38, 'david.bounleng@gmail.com', '1d3dc74dffb44ef6576a771af32d3b3b99ac9c554b1bf698b86a3c0fbf7d8619', '2023-08-04', 1),
(39, 'yvon@ncdecor.fr', '1d3dc74dffb44ef6576a771af32d3b3b99ac9c554b1bf698b86a3c0fbf7d8619', '2023-08-04', 1),
(40, 'doudychkaya@gmail.com', '1d3dc74dffb44ef6576a771af32d3b3b99ac9c554b1bf698b86a3c0fbf7d8619', '2023-08-04', 1),
(41, 'duartelucie3@gmail.com', '1d3dc74dffb44ef6576a771af32d3b3b99ac9c554b1bf698b86a3c0fbf7d8619', '2023-08-04', 0),
(42, 'francois.taillebrest@gmail.com', '1d3dc74dffb44ef6576a771af32d3b3b99ac9c554b1bf698b86a3c0fbf7d8619', '2023-08-04', 0),
(43, 'melanie.trouv@gmail.com', '1d3dc74dffb44ef6576a771af32d3b3b99ac9c554b1bf698b86a3c0fbf7d8619', '2023-08-04', 0),
(44, 'ellisosndo@me.com', '1d3dc74dffb44ef6576a771af32d3b3b99ac9c554b1bf698b86a3c0fbf7d8619', '2023-08-04', 1),
(45, 'chezlich-roller@yahoo.fr', '1d3dc74dffb44ef6576a771af32d3b3b99ac9c554b1bf698b86a3c0fbf7d8619', '2023-08-04', 1),
(46, 'marc.revilloud@laposte.net', '1d3dc74dffb44ef6576a771af32d3b3b99ac9c554b1bf698b86a3c0fbf7d8619', '2023-08-04', 1),
(47, 'maryhenry566@gmail.com', '1d3dc74dffb44ef6576a771af32d3b3b99ac9c554b1bf698b86a3c0fbf7d8619', '2023-08-04', 1),
(48, 'florian_pr@hotmail.fr', '1d3dc74dffb44ef6576a771af32d3b3b99ac9c554b1bf698b86a3c0fbf7d8619', '2023-08-04', 1),
(49, 'ninabonomo@hotmail.com', '1d3dc74dffb44ef6576a771af32d3b3b99ac9c554b1bf698b86a3c0fbf7d8619', '2023-08-04', 1),
(50, 'marie.alloing@gmail.com', '1d3dc74dffb44ef6576a771af32d3b3b99ac9c554b1bf698b86a3c0fbf7d8619', '2023-08-04', 1),
(51, 'nicolaa94100@hotmail.com', '1d3dc74dffb44ef6576a771af32d3b3b99ac9c554b1bf698b86a3c0fbf7d8619', '2023-08-04', 1),
(52, 'Griveaujohanna@hotmail.fr', '1d3dc74dffb44ef6576a771af32d3b3b99ac9c554b1bf698b86a3c0fbf7d8619', '2023-08-04', 1),
(53, 'n.vuillerme@live.fr', '1d3dc74dffb44ef6576a771af32d3b3b99ac9c554b1bf698b86a3c0fbf7d8619', '2023-08-04', 1),
(54, 'noemiecrozat@hotmail.fr', '1d3dc74dffb44ef6576a771af32d3b3b99ac9c554b1bf698b86a3c0fbf7d8619', '2023-08-04', 1),
(55, 'webexplorer8@gmail.com', '1d3dc74dffb44ef6576a771af32d3b3b99ac9c554b1bf698b86a3c0fbf7d8619', '2023-08-04', 1),
(56, 'alcolei.aurore@sfr.fr', '1d3dc74dffb44ef6576a771af32d3b3b99ac9c554b1bf698b86a3c0fbf7d8619', '2023-08-04', 1),
(57, 'cj.caroujel@gmail.com', '1d3dc74dffb44ef6576a771af32d3b3b99ac9c554b1bf698b86a3c0fbf7d8619', '2023-08-04', 1),
(58, 'angelero32@gmail.com', '1d3dc74dffb44ef6576a771af32d3b3b99ac9c554b1bf698b86a3c0fbf7d8619', '2023-08-04', 1),
(59, 'arthur_aubertin@hotmail.com', '1d3dc74dffb44ef6576a771af32d3b3b99ac9c554b1bf698b86a3c0fbf7d8619', '2023-08-04', 1),
(60, 'maryloupetot@gmail.com', '1d3dc74dffb44ef6576a771af32d3b3b99ac9c554b1bf698b86a3c0fbf7d8619', '2023-08-04', 1),
(61, 'camille.legouez1@gmail.com', '1d3dc74dffb44ef6576a771af32d3b3b99ac9c554b1bf698b86a3c0fbf7d8619', '2023-08-04', 1),
(62, 'Marionservier@hotmail.com', '1d3dc74dffb44ef6576a771af32d3b3b99ac9c554b1bf698b86a3c0fbf7d8619', '2023-08-04', 1),
(63, 'aurelien.josse@gmail.com', '1d3dc74dffb44ef6576a771af32d3b3b99ac9c554b1bf698b86a3c0fbf7d8619', '2023-08-04', 1),
(64, 'Guilhem.marrannes@gmail.com', '1d3dc74dffb44ef6576a771af32d3b3b99ac9c554b1bf698b86a3c0fbf7d8619', '2023-08-04', 1),
(65, 'aureliekuan@gmail.com', '1d3dc74dffb44ef6576a771af32d3b3b99ac9c554b1bf698b86a3c0fbf7d8619', '2023-08-04', 0),
(66, 'andrea228@hotmail.fr', '1d3dc74dffb44ef6576a771af32d3b3b99ac9c554b1bf698b86a3c0fbf7d8619', '2023-08-04', 1),
(67, 'ch.dignat@outlook.fr', '1d3dc74dffb44ef6576a771af32d3b3b99ac9c554b1bf698b86a3c0fbf7d8619', '2023-08-04', 1),
(68, 'nicolas.gr.contact@gmail.com', '1d3dc74dffb44ef6576a771af32d3b3b99ac9c554b1bf698b86a3c0fbf7d8619', '2023-08-04', 1),
(69, 'lucillehuart@gmail.com', '1d3dc74dffb44ef6576a771af32d3b3b99ac9c554b1bf698b86a3c0fbf7d8619', '2023-08-04', 0),
(70, 'gisselbrecht_e@yahoo.fr', '1d3dc74dffb44ef6576a771af32d3b3b99ac9c554b1bf698b86a3c0fbf7d8619', '2023-08-04', 1),
(71, 'clairy.mylene@yahoo.fr', '1d3dc74dffb44ef6576a771af32d3b3b99ac9c554b1bf698b86a3c0fbf7d8619', '2023-08-04', 1),
(72, 'bouvetmichael94@gmail.com', '1d3dc74dffb44ef6576a771af32d3b3b99ac9c554b1bf698b86a3c0fbf7d8619', '2023-08-04', 0),
(73, 'absabatier@yahoo.fr', '1d3dc74dffb44ef6576a771af32d3b3b99ac9c554b1bf698b86a3c0fbf7d8619', '2023-08-04', 1),
(74, 'sugar.rush@silvere.net', '1d3dc74dffb44ef6576a771af32d3b3b99ac9c554b1bf698b86a3c0fbf7d8619', '2023-08-04', 1),
(75, 'eleonorebernal@gmail.com', '1d3dc74dffb44ef6576a771af32d3b3b99ac9c554b1bf698b86a3c0fbf7d8619', '2023-08-04', 0),
(76, 'agathe.arghyris@gmail.com', '1d3dc74dffb44ef6576a771af32d3b3b99ac9c554b1bf698b86a3c0fbf7d8619', '2023-08-04', 1),
(77, 'yoann.copinet@gmail.com', '1d3dc74dffb44ef6576a771af32d3b3b99ac9c554b1bf698b86a3c0fbf7d8619', '2023-08-04', 0),
(78, 'nolwenn.mespoulede@rocketmail.com', '1d3dc74dffb44ef6576a771af32d3b3b99ac9c554b1bf698b86a3c0fbf7d8619', '2023-08-04', 1),
(79, 'olivedc94@gmail.com', '1d3dc74dffb44ef6576a771af32d3b3b99ac9c554b1bf698b86a3c0fbf7d8619', '2023-08-04', 1),
(80, 'cigolottiaudrey@gmail.com', '1d3dc74dffb44ef6576a771af32d3b3b99ac9c554b1bf698b86a3c0fbf7d8619', '2023-08-04', 1),
(81, 'fabricethai@yahoo.fr', '1d3dc74dffb44ef6576a771af32d3b3b99ac9c554b1bf698b86a3c0fbf7d8619', '2023-08-04', 1),
(82, 'capucine.daguet@gmail.com', '1d3dc74dffb44ef6576a771af32d3b3b99ac9c554b1bf698b86a3c0fbf7d8619', '2023-08-04', 1),
(83, 'cecile-tea@wanadoo.fr', '1d3dc74dffb44ef6576a771af32d3b3b99ac9c554b1bf698b86a3c0fbf7d8619', '2023-08-04', 1),
(84, 'ocotto@live.fr', '1d3dc74dffb44ef6576a771af32d3b3b99ac9c554b1bf698b86a3c0fbf7d8619', '2023-08-04', 1),
(85, 'alexandre.alauzet@gmail.com', '1d3dc74dffb44ef6576a771af32d3b3b99ac9c554b1bf698b86a3c0fbf7d8619', '2023-08-04', 1),
(86, 'bakhti.sarra94@hotmail.fr', '1d3dc74dffb44ef6576a771af32d3b3b99ac9c554b1bf698b86a3c0fbf7d8619', '2023-08-04', 1),
(87, 'juanjin@hotmail.fr', '1d3dc74dffb44ef6576a771af32d3b3b99ac9c554b1bf698b86a3c0fbf7d8619', '2023-08-04', 1),
(88, 'lea.ledoux14@gmail.com', '1d3dc74dffb44ef6576a771af32d3b3b99ac9c554b1bf698b86a3c0fbf7d8619', '2023-08-04', 0),
(89, 'fannywinden@hotmail.fr', '1d3dc74dffb44ef6576a771af32d3b3b99ac9c554b1bf698b86a3c0fbf7d8619', '2023-08-04', 1),
(90, 'assia_berrabah@yahoo.fr', '1d3dc74dffb44ef6576a771af32d3b3b99ac9c554b1bf698b86a3c0fbf7d8619', '2023-08-04', 1),
(91, 'mathilde.grivel@gmail.com', '9da95e413c94b968c3dd337da14d090258f2384fcdb2589c7a1989b23c3b566e', '2023-08-04', 1),
(92, 'do-lecomte@hotmail.com', '1d3dc74dffb44ef6576a771af32d3b3b99ac9c554b1bf698b86a3c0fbf7d8619', '2023-08-04', 1),
(93, 'francois@presset.com', '1d3dc74dffb44ef6576a771af32d3b3b99ac9c554b1bf698b86a3c0fbf7d8619', '2023-08-04', 1),
(94, 'vivian.nkemba@gmail.com', '1d3dc74dffb44ef6576a771af32d3b3b99ac9c554b1bf698b86a3c0fbf7d8619', '2023-08-04', 1),
(95, 'marieleroy9@gmail.com', '1d3dc74dffb44ef6576a771af32d3b3b99ac9c554b1bf698b86a3c0fbf7d8619', '2023-08-04', 1),
(96, 'manon.lafaye.archi@gmail.com', '1d3dc74dffb44ef6576a771af32d3b3b99ac9c554b1bf698b86a3c0fbf7d8619', '2023-08-04', 1),
(97, 'Sardineallo@gmail.com', '1d3dc74dffb44ef6576a771af32d3b3b99ac9c554b1bf698b86a3c0fbf7d8619', '2023-08-04', 1),
(98, 'e.zoubir@gmail.com', '1d3dc74dffb44ef6576a771af32d3b3b99ac9c554b1bf698b86a3c0fbf7d8619', '2023-08-04', 1),
(99, 'laurene.zyskind@gmail.com', '1d3dc74dffb44ef6576a771af32d3b3b99ac9c554b1bf698b86a3c0fbf7d8619', '2023-08-04', 0),
(100, 'angelique.khaber@hotmail.com', '1d3dc74dffb44ef6576a771af32d3b3b99ac9c554b1bf698b86a3c0fbf7d8619', '2023-08-04', 1),
(101, 'nailikg@gmail.com', '7283a51d86ab64d70441f25314dc39d844cf84f6d362c9b2d5e9c6efe9e9440e', '2023-08-04', 1),
(102, 'caroline.tronquart@orange.fr', '1d3dc74dffb44ef6576a771af32d3b3b99ac9c554b1bf698b86a3c0fbf7d8619', '2023-08-04', 1),
(103, 'vivianeguichen@hotmail.fr', '1d3dc74dffb44ef6576a771af32d3b3b99ac9c554b1bf698b86a3c0fbf7d8619', '2023-08-04', 1),
(104, 'ykahina06@yahoo.fr', '1d3dc74dffb44ef6576a771af32d3b3b99ac9c554b1bf698b86a3c0fbf7d8619', '2023-08-04', 1),
(105, 'ducray.nicolas@gmail.com', '1d3dc74dffb44ef6576a771af32d3b3b99ac9c554b1bf698b86a3c0fbf7d8619', '2023-08-04', 1),
(106, 'benjamin.turquier@gmail.com', '1d3dc74dffb44ef6576a771af32d3b3b99ac9c554b1bf698b86a3c0fbf7d8619', '2023-08-04', 1),
(107, 'elodie.eyang@hotmail.com', '1d3dc74dffb44ef6576a771af32d3b3b99ac9c554b1bf698b86a3c0fbf7d8619', '2023-08-04', 1),
(108, 'alize.saintandre@gmail.com', '1d3dc74dffb44ef6576a771af32d3b3b99ac9c554b1bf698b86a3c0fbf7d8619', '2023-08-04', 0),
(109, 'nevenavuckovica@gmail.com', '1d3dc74dffb44ef6576a771af32d3b3b99ac9c554b1bf698b86a3c0fbf7d8619', '2023-08-04', 1),
(110, 'sophie.pelletier971@gmail.com', '1d3dc74dffb44ef6576a771af32d3b3b99ac9c554b1bf698b86a3c0fbf7d8619', '2023-08-04', 1),
(111, 'florian.rappaport@gadz.org', '1d3dc74dffb44ef6576a771af32d3b3b99ac9c554b1bf698b86a3c0fbf7d8619', '2023-08-04', 0),
(112, 'camillefuger@gmail.com', '1d3dc74dffb44ef6576a771af32d3b3b99ac9c554b1bf698b86a3c0fbf7d8619', '2023-08-04', 0),
(113, 'guilbertgaelle@gmail.com', '1d3dc74dffb44ef6576a771af32d3b3b99ac9c554b1bf698b86a3c0fbf7d8619', '2023-08-04', 1),
(114, 'rmn.wrnvngs@gmail.com', '1d3dc74dffb44ef6576a771af32d3b3b99ac9c554b1bf698b86a3c0fbf7d8619', '2023-08-04', 1),
(115, 'tavanimaha@gmail.com', '1d3dc74dffb44ef6576a771af32d3b3b99ac9c554b1bf698b86a3c0fbf7d8619', '2023-08-04', 1),
(116, 'elentavernier@gmail.com', '1d3dc74dffb44ef6576a771af32d3b3b99ac9c554b1bf698b86a3c0fbf7d8619', '2023-08-04', 1),
(117, 'lydia.cekovic@yahoo.fr', '1d3dc74dffb44ef6576a771af32d3b3b99ac9c554b1bf698b86a3c0fbf7d8619', '2023-08-04', 1),
(118, 'murarety@outlook.fr', '1d3dc74dffb44ef6576a771af32d3b3b99ac9c554b1bf698b86a3c0fbf7d8619', '2023-08-04', 1),
(119, 'nbossu@netscape.net', '1d3dc74dffb44ef6576a771af32d3b3b99ac9c554b1bf698b86a3c0fbf7d8619', '2023-08-04', 1),
(120, 'anne.lantier1@gmail.com', '1d3dc74dffb44ef6576a771af32d3b3b99ac9c554b1bf698b86a3c0fbf7d8619', '2023-08-04', 1),
(121, 'hasna.pillot@yahoo.fr', '481ca6bb8db35fa957d1929286d47fae730a3d27210d6ca8b2c64ad899ad0b38', '2023-08-04', 1),
(122, 'emilie.enouf@aliceadsl.fr', '1d3dc74dffb44ef6576a771af32d3b3b99ac9c554b1bf698b86a3c0fbf7d8619', '2023-08-04', 1),
(123, 'Aprisciel@gmail.com', '1d3dc74dffb44ef6576a771af32d3b3b99ac9c554b1bf698b86a3c0fbf7d8619', '2023-08-04', 1),
(124, 'matthieu.thielleux@laposte.net', '1d3dc74dffb44ef6576a771af32d3b3b99ac9c554b1bf698b86a3c0fbf7d8619', '2023-08-04', 1),
(125, 'zahirhanaizi@gmail.com', '1d3dc74dffb44ef6576a771af32d3b3b99ac9c554b1bf698b86a3c0fbf7d8619', '2023-09-07', 1),
(126, 'Priam-boulay@orange.fr', '8e6243ccb0f8e45ab007c173d6deb8ef4fe895d4e003cad5cdb37cc65389164b', '2023-09-07', 1),
(127, 'yorosidibe@outlook.com', '1d3dc74dffb44ef6576a771af32d3b3b99ac9c554b1bf698b86a3c0fbf7d8619', '2023-09-07', 1),
(128, 'ellissondo@me.com', '1d3dc74dffb44ef6576a771af32d3b3b99ac9c554b1bf698b86a3c0fbf7d8619', '2023-09-07', 1),
(129, 'michau.evelaure@gmail.com', '1d3dc74dffb44ef6576a771af32d3b3b99ac9c554b1bf698b86a3c0fbf7d8619', '2023-09-08', 1),
(130, 'h.robledogruel.15@eigsi.fr', '1d3dc74dffb44ef6576a771af32d3b3b99ac9c554b1bf698b86a3c0fbf7d8619', '2023-09-11', 1),
(131, 'mlaillier@yahoo.fr', '1d3dc74dffb44ef6576a771af32d3b3b99ac9c554b1bf698b86a3c0fbf7d8619', '2023-09-11', 1),
(132, 'fny.lefebvre@gmail.com', '1d3dc74dffb44ef6576a771af32d3b3b99ac9c554b1bf698b86a3c0fbf7d8619', '2023-10-06', 0),
(133, 'camille.blavy@gmail.com', '1d3dc74dffb44ef6576a771af32d3b3b99ac9c554b1bf698b86a3c0fbf7d8619', '2023-10-06', 0),
(134, 'sovanna94@free.fr', '1d3dc74dffb44ef6576a771af32d3b3b99ac9c554b1bf698b86a3c0fbf7d8619', '2023-10-06', 1),
(135, 'ekullab@gmail.com', '1d3dc74dffb44ef6576a771af32d3b3b99ac9c554b1bf698b86a3c0fbf7d8619', '2023-10-06', 1),
(136, 'Npaire@gmail.com', '1d3dc74dffb44ef6576a771af32d3b3b99ac9c554b1bf698b86a3c0fbf7d8619', '2023-10-06', 0),
(137, 'Eric_goudreau@yahoo.ca', '24ef9111511ae57cb6c8b90144cc802a41a905515b6874f7262b59714603aa6b', '2023-10-06', 1),
(138, 'acviret@gmail.com', '65409f0166fc06e9cce13b27354e6cc13b8b544dc6b652617010b81a9dea69e2', '2023-10-06', 1),
(139, 'Jabou.sarah@gmail.com', '1d3dc74dffb44ef6576a771af32d3b3b99ac9c554b1bf698b86a3c0fbf7d8619', '2023-10-06', 1),
(140, 'besse.morgane@gmail.com', '1d3dc74dffb44ef6576a771af32d3b3b99ac9c554b1bf698b86a3c0fbf7d8619', '2023-10-06', 0),
(141, 'hananhsainihajji@gmail.com', '1d3dc74dffb44ef6576a771af32d3b3b99ac9c554b1bf698b86a3c0fbf7d8619', '2023-10-06', 1),
(142, 'zeghmihakim@hotmail.com', '1d3dc74dffb44ef6576a771af32d3b3b99ac9c554b1bf698b86a3c0fbf7d8619', '2023-10-06', 1),
(143, 'Joemia.b@laposte.net', '1d3dc74dffb44ef6576a771af32d3b3b99ac9c554b1bf698b86a3c0fbf7d8619', '2023-10-06', 1),
(144, 'fviain@hotmail.com', '1d3dc74dffb44ef6576a771af32d3b3b99ac9c554b1bf698b86a3c0fbf7d8619', '2023-10-06', 1),
(145, 'fouz1@msn.com', '1d3dc74dffb44ef6576a771af32d3b3b99ac9c554b1bf698b86a3c0fbf7d8619', '2023-10-06', 1),
(146, 'romaintord@yahoo.fr', '1d3dc74dffb44ef6576a771af32d3b3b99ac9c554b1bf698b86a3c0fbf7d8619', '2023-10-06', 1),
(147, 'elodiesegor94@gmail.com', '1d3dc74dffb44ef6576a771af32d3b3b99ac9c554b1bf698b86a3c0fbf7d8619', '2023-10-06', 1),
(148, 'aminata.haidara@yahoo.fr', 'fc5b0ae72d8529aad48231cc01b760c2009be8387e4fe6e320823b2a56cc1928', '2023-10-06', 1),
(149, 'boulle.marion@gmail.com', '1d3dc74dffb44ef6576a771af32d3b3b99ac9c554b1bf698b86a3c0fbf7d8619', '2023-10-06', 1),
(150, 'terzieva.zhenya@gmail.com', '1d3dc74dffb44ef6576a771af32d3b3b99ac9c554b1bf698b86a3c0fbf7d8619', '2023-10-06', 1),
(151, 'magalie.labidi@yahoo.fr', '1d3dc74dffb44ef6576a771af32d3b3b99ac9c554b1bf698b86a3c0fbf7d8619', '2023-10-06', 1),
(152, 'doce.y.pico@gmail.com', '1d3dc74dffb44ef6576a771af32d3b3b99ac9c554b1bf698b86a3c0fbf7d8619', '2023-10-06', 1),
(153, 'fannybensimon9@gmail.com', '1d3dc74dffb44ef6576a771af32d3b3b99ac9c554b1bf698b86a3c0fbf7d8619', '2023-10-06', 1),
(154, 'Soraia_ines@live.com.pt', '1d3dc74dffb44ef6576a771af32d3b3b99ac9c554b1bf698b86a3c0fbf7d8619', '2023-10-06', 1),
(155, 'annelaure.tichet@gmail.com', '1d3dc74dffb44ef6576a771af32d3b3b99ac9c554b1bf698b86a3c0fbf7d8619', '2023-10-06', 1),
(156, 'lisa.durand5@hotmail.fr', '1d3dc74dffb44ef6576a771af32d3b3b99ac9c554b1bf698b86a3c0fbf7d8619', '2023-10-06', 0),
(157, 'castano.nathalia@hotmail.com', '1d3dc74dffb44ef6576a771af32d3b3b99ac9c554b1bf698b86a3c0fbf7d8619', '2023-10-06', 1),
(158, 'felipe.ceferino@hotmail.com', '1d3dc74dffb44ef6576a771af32d3b3b99ac9c554b1bf698b86a3c0fbf7d8619', '2023-10-06', 1),
(159, 'orestie@hotmail.fr', '1d3dc74dffb44ef6576a771af32d3b3b99ac9c554b1bf698b86a3c0fbf7d8619', '2023-10-06', 1),
(160, 'bibynette@hotmail.fr', '1d3dc74dffb44ef6576a771af32d3b3b99ac9c554b1bf698b86a3c0fbf7d8619', '2023-10-06', 1),
(161, 'asmaa_oubis@hotmail.com', '1d3dc74dffb44ef6576a771af32d3b3b99ac9c554b1bf698b86a3c0fbf7d8619', '2023-10-06', 1),
(162, 'Ktmala1@hotmail.com', '3750d0dda89b3be32f47ab57def095ff8d3e608d566ebc79a63f7da601ae2fbe', '2023-10-06', 1),
(163, 'sisourat.nicolas@gmail.com', '1d3dc74dffb44ef6576a771af32d3b3b99ac9c554b1bf698b86a3c0fbf7d8619', '2023-10-06', 1),
(164, 'fatou471@hotmail.com', '1d3dc74dffb44ef6576a771af32d3b3b99ac9c554b1bf698b86a3c0fbf7d8619', '2023-10-06', 1),
(165, 'weberfranck@hotmail.fr', '1d3dc74dffb44ef6576a771af32d3b3b99ac9c554b1bf698b86a3c0fbf7d8619', '2023-10-06', 1),
(166, 'dubbbbb@hotmail.com', '1d3dc74dffb44ef6576a771af32d3b3b99ac9c554b1bf698b86a3c0fbf7d8619', '2023-10-06', 1),
(167, 'arthur.zavaro@gadz.org', '1d3dc74dffb44ef6576a771af32d3b3b99ac9c554b1bf698b86a3c0fbf7d8619', '2023-10-06', 1),
(168, 'miralles.yuna@gmail.com', '1d3dc74dffb44ef6576a771af32d3b3b99ac9c554b1bf698b86a3c0fbf7d8619', '2023-10-06', 1),
(169, 'S.K.ALICIA@OUTLOOK.FR', '1d3dc74dffb44ef6576a771af32d3b3b99ac9c554b1bf698b86a3c0fbf7d8619', '2023-10-06', 1),
(170, 'Bahraoui@gmail.com', '1d3dc74dffb44ef6576a771af32d3b3b99ac9c554b1bf698b86a3c0fbf7d8619', '2023-10-06', 1),
(171, 'ninamaka86@gmail.com', '1d3dc74dffb44ef6576a771af32d3b3b99ac9c554b1bf698b86a3c0fbf7d8619', '2023-10-06', 1),
(172, 'ninon.daguenet@gmail.com', '1d3dc74dffb44ef6576a771af32d3b3b99ac9c554b1bf698b86a3c0fbf7d8619', '2023-10-06', 1),
(173, 'mlmelchior@protonmail.com', '1d3dc74dffb44ef6576a771af32d3b3b99ac9c554b1bf698b86a3c0fbf7d8619', '2023-10-06', 1),
(174, 'foudils@yahoo.fr', '1d3dc74dffb44ef6576a771af32d3b3b99ac9c554b1bf698b86a3c0fbf7d8619', '2023-10-06', 1),
(175, 'raphou84@hotmail.com', '1d3dc74dffb44ef6576a771af32d3b3b99ac9c554b1bf698b86a3c0fbf7d8619', '2023-10-06', 0),
(176, 'mmiklas68@gmail.com', '1d3dc74dffb44ef6576a771af32d3b3b99ac9c554b1bf698b86a3c0fbf7d8619', '2023-10-06', 1),
(177, 'amandinequenel@yahoo.fr', '1d3dc74dffb44ef6576a771af32d3b3b99ac9c554b1bf698b86a3c0fbf7d8619', '2023-10-06', 1),
(178, 'doubdel@hotmail.com', '1d3dc74dffb44ef6576a771af32d3b3b99ac9c554b1bf698b86a3c0fbf7d8619', '2023-10-06', 1),
(179, 'lana.beevi@gmail.com', '1d3dc74dffb44ef6576a771af32d3b3b99ac9c554b1bf698b86a3c0fbf7d8619', '2023-10-06', 1),
(180, 'rouzautmarie@yahoo.fr', '1d3dc74dffb44ef6576a771af32d3b3b99ac9c554b1bf698b86a3c0fbf7d8619', '2023-10-06', 1),
(181, 'victoria.yanes@cegetel.net', '1d3dc74dffb44ef6576a771af32d3b3b99ac9c554b1bf698b86a3c0fbf7d8619', '2023-10-06', 0),
(182, 'wendolyn.trogneux@sciencespo.fr', '1d3dc74dffb44ef6576a771af32d3b3b99ac9c554b1bf698b86a3c0fbf7d8619', '2023-10-07', 0),
(183, 'gbeaa@hotmail.com', '1d3dc74dffb44ef6576a771af32d3b3b99ac9c554b1bf698b86a3c0fbf7d8619', '2023-10-07', 1),
(189, 'rebecca.deprez@yahoo.fr', '1d3dc74dffb44ef6576a771af32d3b3b99ac9c554b1bf698b86a3c0fbf7d8619', '2023-10-08', 1),
(190, 'Mhouguet@dms-ascenseurs.fr', '1d3dc74dffb44ef6576a771af32d3b3b99ac9c554b1bf698b86a3c0fbf7d8619', '2023-10-08', 1),
(187, 'julie.senkow@wanadoo.fr', '1d3dc74dffb44ef6576a771af32d3b3b99ac9c554b1bf698b86a3c0fbf7d8619', '2023-10-07', 1),
(188, 'jajananou@hotmail.fr', '1d3dc74dffb44ef6576a771af32d3b3b99ac9c554b1bf698b86a3c0fbf7d8619', '2023-10-08', 1),
(191, 'natatefo94@hotmail.com', '1d3dc74dffb44ef6576a771af32d3b3b99ac9c554b1bf698b86a3c0fbf7d8619', '2023-10-08', 1),
(192, 'stephanie.hurtadogil2407@gmail.com', '1d3dc74dffb44ef6576a771af32d3b3b99ac9c554b1bf698b86a3c0fbf7d8619', '2023-10-08', 1),
(193, 'meghiref.karima@gmail.com', '1d3dc74dffb44ef6576a771af32d3b3b99ac9c554b1bf698b86a3c0fbf7d8619', '2023-10-08', 1),
(194, 'isa4belle@hotmail.fr', '1d3dc74dffb44ef6576a771af32d3b3b99ac9c554b1bf698b86a3c0fbf7d8619', '2023-10-10', 1),
(195, 'cherifaguerfi@hotmail.fr', '1d3dc74dffb44ef6576a771af32d3b3b99ac9c554b1bf698b86a3c0fbf7d8619', '2023-10-10', 1),
(196, 'djibiole@gmail.com', '1d3dc74dffb44ef6576a771af32d3b3b99ac9c554b1bf698b86a3c0fbf7d8619', '2023-10-10', 1);

-- --------------------------------------------------------

--
-- Structure de la table `cours`
--

DROP TABLE IF EXISTS `cours`;
CREATE TABLE IF NOT EXISTS `cours` (
  `id` int NOT NULL AUTO_INCREMENT,
  `nom` varchar(255) NOT NULL,
  `jour_semaine` varchar(20) NOT NULL,
  `heure` varchar(10) NOT NULL,
  `duree` int NOT NULL,
  `prof_principal_id` int NOT NULL,
  `lieu_id` int NOT NULL,
  `age_requis` int NOT NULL,
  `age_maximum` int DEFAULT NULL,
  `niveau_requis` set('débutant','intermédiaire','avancé') NOT NULL,
  `saison_id` int NOT NULL,
  `place_maximum` int DEFAULT NULL,
  `projet` int NOT NULL,
  PRIMARY KEY (`id`),
  KEY `prof_principal_id` (`prof_principal_id`)
) ENGINE=MyISAM AUTO_INCREMENT=19 DEFAULT CHARSET=utf8mb3;

--
-- Déchargement des données de la table `cours`
--

INSERT INTO `cours` (`id`, `nom`, `jour_semaine`, `heure`, `duree`, `prof_principal_id`, `lieu_id`, `age_requis`, `age_maximum`, `niveau_requis`, `saison_id`, `place_maximum`, `projet`) VALUES
(1, 'Adultes - RollerSoccer', 'mercredi', '19:00', 90, 31, 2, 14, NULL, 'intermédiaire', 1, NULL, 0),
(3, 'Enfants - Initiation', 'dimanche', '14:00', 80, 31, 1, 4, NULL, 'débutant', 1, NULL, 0),
(4, 'Enfants - Activités : Multiglisse', 'dimanche', '16:00', 80, 31, 1, 8, NULL, 'intermédiaire', 1, NULL, 0),
(5, 'Adultes - Rollers', 'dimanche', '14:30', 90, 31, 1, 16, NULL, 'débutant', 1, NULL, 0),
(6, 'Enfants - RollerSoccer', 'dimanche', '17:00', 90, 31, 1, 8, NULL, 'intermédiaire', 1, NULL, 0),
(7, 'Enfants - Roller Street', 'dimanche', '15:30', 90, 31, 1, 8, NULL, 'intermédiaire', 1, NULL, 0),
(8, 'Adultes - RollBall', 'mercredi', '20:30', 90, 24, 2, 14, NULL, 'intermédiaire', 1, NULL, 0),
(9, 'Adultes - RollerSoccer', 'mercredi', '19:00', 90, 31, 2, 13, NULL, 'intermédiaire,avancé', 2, NULL, 0),
(10, 'Enfants - Initiation', 'dimanche', '14:00', 80, 151, 1, 3, NULL, 'débutant,intermédiaire', 2, NULL, 0),
(11, 'Enfants - Activités : Multiglisse', 'dimanche', '16:00', 80, 150, 1, 6, NULL, 'débutant,intermédiaire,avancé', 2, NULL, 0),
(12, 'Adultes - Rollers', 'dimanche', '14:30', 90, 150, 1, 15, NULL, 'débutant,intermédiaire,avancé', 2, NULL, 0),
(13, 'Enfants - RollerSoccer', 'dimanche', '17:00', 90, 151, 1, 8, NULL, 'intermédiaire,avancé', 2, NULL, 0),
(14, 'Enfants - Roller Street', 'dimanche', '15:30', 90, 151, 1, 8, NULL, 'intermédiaire,avancé', 2, NULL, 0),
(15, 'Adultes - RollBall', 'mercredi', '20:30', 90, 24, 2, 14, NULL, 'intermédiaire,avancé', 2, NULL, 0),
(16, 'Adultes - Roller Derby - Lundi', 'lundi', '20:00', 150, 74, 2, 18, NULL, 'débutant,intermédiaire,avancé', 2, NULL, 0),
(17, 'Adultes - Roller Derby - Jeudi', 'jeudi', '20:00', 150, 74, 3, 18, NULL, 'intermédiaire,avancé', 2, NULL, 0),
(18, 'Adultes - Roller Derby Samedi', 'samedi', '10:00', 120, 74, 3, 18, NULL, 'intermédiaire,avancé', 2, NULL, 0);

-- --------------------------------------------------------

--
-- Structure de la table `inscription`
--

DROP TABLE IF EXISTS `inscription`;
CREATE TABLE IF NOT EXISTS `inscription` (
  `id` int NOT NULL AUTO_INCREMENT,
  `rider_id` int NOT NULL,
  `seance_id` int NOT NULL,
  `date_inscription` date NOT NULL,
  `statut` enum('présent','absent') DEFAULT NULL,
  `statut_seance` enum('présent','absent') DEFAULT NULL,
  `projet` int NOT NULL,
  PRIMARY KEY (`id`),
  KEY `personne_id` (`rider_id`),
  KEY `seance_id` (`seance_id`)
) ENGINE=MyISAM AUTO_INCREMENT=262 DEFAULT CHARSET=utf8mb3;

--
-- Déchargement des données de la table `inscription`
--

INSERT INTO `inscription` (`id`, `rider_id`, `seance_id`, `date_inscription`, `statut`, `statut_seance`, `projet`) VALUES
(2, 30, 4, '2023-08-18', 'présent', NULL, 0),
(4, 31, 3, '2023-08-18', 'absent', NULL, 0),
(5, 116, 6, '2023-09-04', NULL, 'absent', 0),
(6, 23, 6, '2023-09-07', 'absent', NULL, 0),
(7, 23, 7, '2023-09-07', 'présent', NULL, 0),
(8, 30, 12, '2023-09-07', 'présent', NULL, 0),
(9, 31, 9, '2023-09-07', 'présent', 'présent', 0),
(10, 31, 10, '2023-09-07', 'présent', 'présent', 0),
(11, 31, 17, '2023-09-08', 'présent', 'présent', 0),
(12, 115, 17, '2023-09-08', NULL, 'présent', 0),
(13, 35, 17, '2023-09-08', NULL, 'présent', 0),
(14, 42, 17, '2023-09-08', NULL, 'présent', 0),
(15, 99, 17, '2023-09-08', NULL, 'présent', 0),
(16, 100, 17, '2023-09-08', NULL, 'présent', 0),
(17, 151, 17, '2023-09-08', NULL, 'présent', 0),
(18, 149, 17, '2023-09-08', NULL, 'présent', 0),
(19, 43, 17, '2023-09-08', NULL, 'présent', 0),
(20, 43, 9, '2023-09-14', NULL, 'présent', 0),
(21, 115, 9, '2023-09-14', NULL, 'présent', 0),
(22, 149, 9, '2023-09-14', NULL, 'absent', 0),
(23, 35, 9, '2023-09-14', NULL, 'présent', 0),
(24, 42, 9, '2023-09-14', NULL, 'présent', 0),
(25, 151, 9, '2023-09-14', NULL, 'absent', 0),
(26, 100, 9, '2023-09-14', NULL, 'absent', 0),
(27, 31, 18, '2023-09-20', 'présent', 'présent', 0),
(28, 31, 19, '2023-09-20', 'présent', 'présent', 0),
(29, 31, 31, '2023-10-06', 'présent', 'présent', 0),
(30, 31, 37, '2023-10-06', 'présent', NULL, 0),
(31, 31, 32, '2023-10-06', 'présent', NULL, 0),
(32, 31, 38, '2023-10-06', 'présent', NULL, 0),
(33, 30, 28, '2023-10-06', 'présent', 'présent', 0),
(34, 30, 34, '2023-10-06', 'présent', NULL, 0),
(35, 202, 27, '2023-10-06', 'présent', 'présent', 0),
(36, 202, 33, '2023-10-06', 'présent', NULL, 0),
(37, 179, 28, '2023-10-06', 'absent', NULL, 0),
(38, 233, 27, '2023-10-06', 'présent', 'présent', 0),
(39, 233, 33, '2023-10-06', 'présent', NULL, 0),
(40, 105, 28, '2023-10-06', 'absent', NULL, 0),
(41, 179, 29, '2023-10-06', 'absent', NULL, 0),
(42, 18, 32, '2023-10-06', 'présent', NULL, 0),
(43, 18, 38, '2023-10-06', 'présent', NULL, 0),
(44, 98, 28, '2023-10-06', 'absent', NULL, 0),
(45, 98, 34, '2023-10-06', 'présent', NULL, 0),
(46, 99, 36, '2023-10-06', 'présent', NULL, 0),
(47, 99, 35, '2023-10-06', 'présent', NULL, 0),
(48, 99, 29, '2023-10-06', 'absent', NULL, 0),
(49, 104, 34, '2023-10-06', 'présent', NULL, 0),
(50, 104, 36, '2023-10-06', 'présent', NULL, 0),
(51, 104, 30, '2023-10-06', 'présent', 'présent', 0),
(52, 104, 28, '2023-10-06', 'présent', 'présent', 0),
(53, 14, 39, '2023-10-06', 'présent', 'présent', 0),
(54, 14, 38, '2023-10-06', 'présent', NULL, 0),
(55, 31, 39, '2023-10-06', 'absent', NULL, 0),
(56, 31, 40, '2023-10-06', 'absent', NULL, 0),
(57, 105, 27, '2023-10-06', 'absent', NULL, 0),
(58, 105, 30, '2023-10-06', 'absent', 'absent', 0),
(59, 105, 29, '2023-10-06', 'absent', NULL, 0),
(60, 192, 27, '2023-10-06', 'présent', 'présent', 0),
(61, 192, 33, '2023-10-06', 'présent', NULL, 0),
(62, 106, 39, '2023-10-06', 'absent', NULL, 0),
(63, 193, 27, '2023-10-06', 'présent', 'présent', 0),
(64, 193, 33, '2023-10-06', 'présent', NULL, 0),
(65, 161, 27, '2023-10-06', 'présent', 'présent', 0),
(66, 161, 28, '2023-10-06', 'présent', 'présent', 0),
(67, 207, 27, '2023-10-06', 'présent', 'présent', 0),
(68, 207, 28, '2023-10-06', 'présent', 'présent', 0),
(69, 208, 27, '2023-10-06', 'présent', 'présent', 0),
(70, 208, 28, '2023-10-06', 'présent', 'présent', 0),
(71, 91, 28, '2023-10-06', 'présent', 'présent', 0),
(72, 91, 34, '2023-10-06', 'absent', NULL, 0),
(73, 91, 27, '2023-10-06', 'absent', NULL, 0),
(74, 91, 33, '2023-10-06', 'absent', NULL, 0),
(75, 114, 39, '2023-10-06', 'présent', 'présent', 0),
(76, 169, 27, '2023-10-06', 'présent', 'présent', 0),
(77, 169, 33, '2023-10-06', 'présent', NULL, 0),
(78, 169, 28, '2023-10-06', 'absent', NULL, 0),
(79, 169, 34, '2023-10-06', 'absent', NULL, 0),
(80, 195, 27, '2023-10-06', 'présent', 'présent', 0),
(81, 195, 33, '2023-10-06', 'présent', NULL, 0),
(82, 230, 27, '2023-10-06', 'absent', NULL, 0),
(83, 230, 34, '2023-10-06', 'présent', NULL, 0),
(84, 230, 28, '2023-10-06', 'absent', NULL, 0),
(85, 230, 33, '2023-10-06', 'absent', NULL, 0),
(86, 218, 39, '2023-10-06', 'présent', 'présent', 0),
(87, 218, 40, '2023-10-06', 'présent', NULL, 0),
(88, 217, 27, '2023-10-06', 'présent', 'présent', 0),
(89, 217, 28, '2023-10-06', 'absent', NULL, 0),
(90, 217, 34, '2023-10-06', 'absent', NULL, 0),
(91, 217, 33, '2023-10-06', 'absent', NULL, 0),
(92, 231, 27, '2023-10-06', 'présent', 'présent', 0),
(93, 231, 33, '2023-10-06', 'présent', NULL, 0),
(94, 231, 28, '2023-10-06', 'présent', 'présent', 0),
(95, 231, 34, '2023-10-06', 'présent', NULL, 0),
(96, 232, 27, '2023-10-06', 'présent', 'présent', 0),
(97, 232, 33, '2023-10-06', 'présent', NULL, 0),
(98, 232, 28, '2023-10-06', 'présent', 'présent', 0),
(99, 232, 34, '2023-10-06', 'présent', NULL, 0),
(100, 191, 39, '2023-10-07', 'absent', NULL, 0),
(101, 191, 40, '2023-10-07', 'présent', NULL, 0),
(102, 184, 27, '2023-10-07', 'présent', 'présent', 0),
(103, 184, 33, '2023-10-07', 'présent', NULL, 0),
(104, 185, 27, '2023-10-07', 'présent', 'présent', 0),
(105, 185, 33, '2023-10-07', 'présent', NULL, 0),
(106, 186, 27, '2023-10-07', 'présent', 'présent', 0),
(107, 186, 33, '2023-10-07', 'présent', NULL, 0),
(108, 186, 28, '2023-10-07', 'présent', 'présent', 0),
(109, 186, 34, '2023-10-07', 'présent', NULL, 0),
(110, 177, 27, '2023-10-07', 'présent', 'présent', 0),
(111, 177, 33, '2023-10-07', 'présent', NULL, 0),
(112, 238, 33, '2023-10-07', 'présent', NULL, 0),
(113, 238, 27, '2023-10-07', 'présent', 'présent', 0),
(114, 210, 27, '2023-10-07', 'présent', 'présent', 0),
(115, 210, 34, '2023-10-07', 'présent', NULL, 0),
(116, 209, 27, '2023-10-07', 'présent', 'présent', 0),
(117, 209, 33, '2023-10-07', 'présent', NULL, 0),
(118, 209, 28, '2023-10-07', 'absent', NULL, 0),
(119, 209, 34, '2023-10-07', 'absent', NULL, 0),
(120, 167, 27, '2023-10-07', 'présent', 'présent', 0),
(121, 168, 27, '2023-10-07', 'présent', 'présent', 0),
(122, 223, 27, '2023-10-07', 'présent', 'présent', 0),
(123, 223, 29, '2023-10-07', 'présent', 'présent', 0),
(124, 223, 33, '2023-10-07', 'présent', NULL, 0),
(125, 223, 35, '2023-10-07', 'présent', NULL, 0),
(126, 99, 28, '2023-10-07', 'absent', NULL, 0),
(127, 243, 27, '2023-10-07', 'présent', 'absent', 0),
(128, 93, 39, '2023-10-07', 'présent', 'présent', 0),
(129, 244, 39, '2023-10-07', 'présent', 'présent', 0),
(130, 245, 27, '2023-10-07', 'présent', 'présent', 0),
(131, 128, 28, '2023-10-08', 'présent', 'présent', 0),
(132, 128, 34, '2023-10-08', 'présent', NULL, 0),
(133, 224, 34, '2023-10-08', 'présent', NULL, 0),
(134, 187, 27, '2023-10-08', 'présent', 'présent', 0),
(135, 203, 27, '2023-10-08', 'présent', 'présent', 0),
(136, 203, 33, '2023-10-08', 'présent', NULL, 0),
(137, 204, 27, '2023-10-08', 'présent', 'présent', 0),
(138, 204, 33, '2023-10-08', 'présent', NULL, 0),
(139, 172, 28, '2023-10-08', 'présent', 'présent', 0),
(140, 172, 34, '2023-10-08', 'présent', NULL, 0),
(141, 234, 27, '2023-10-08', 'présent', 'présent', 0),
(142, 234, 33, '2023-10-08', 'présent', NULL, 0),
(143, 30, 27, '2023-10-08', 'absent', NULL, 0),
(144, 164, 27, '2023-10-08', NULL, 'présent', 0),
(145, 159, 27, '2023-10-08', NULL, 'présent', 0),
(146, 165, 27, '2023-10-08', NULL, 'présent', 0),
(147, 213, 27, '2023-10-08', NULL, 'présent', 0),
(148, 197, 27, '2023-10-08', NULL, 'présent', 0),
(149, 198, 27, '2023-10-08', NULL, 'présent', 0),
(150, 101, 39, '2023-10-08', 'absent', NULL, 0),
(151, 100, 39, '2023-10-08', 'présent', 'présent', 0),
(152, 215, 27, '2023-10-08', NULL, 'présent', 0),
(153, 200, 27, '2023-10-08', NULL, 'présent', 0),
(154, 201, 27, '2023-10-08', NULL, 'présent', 0),
(155, 181, 27, '2023-10-08', NULL, 'présent', 0),
(156, 180, 27, '2023-10-08', NULL, 'présent', 0),
(157, 171, 27, '2023-10-08', NULL, 'présent', 0),
(158, 229, 27, '2023-10-08', NULL, 'présent', 0),
(159, 228, 27, '2023-10-08', NULL, 'présent', 0),
(160, 194, 27, '2023-10-08', NULL, 'présent', 0),
(161, 212, 28, '2023-10-08', NULL, 'présent', 0),
(162, 225, 27, '2023-10-08', NULL, 'présent', 0),
(163, 187, 33, '2023-10-08', 'présent', NULL, 0),
(164, 144, 28, '2023-10-08', 'absent', NULL, 0),
(165, 144, 34, '2023-10-08', 'absent', NULL, 0),
(166, 144, 27, '2023-10-08', 'présent', 'présent', 0),
(167, 200, 28, '2023-10-08', NULL, 'présent', 0),
(168, 201, 28, '2023-10-08', NULL, 'présent', 0),
(169, 180, 28, '2023-10-08', NULL, 'présent', 0),
(170, 181, 28, '2023-10-08', NULL, 'présent', 0),
(171, 212, 27, '2023-10-08', NULL, 'présent', 0),
(172, 221, 27, '2023-10-08', NULL, 'présent', 0),
(173, 253, 27, '2023-10-08', NULL, 'présent', 0),
(174, 250, 27, '2023-10-08', NULL, 'présent', 0),
(175, 27, 27, '2023-10-08', NULL, 'présent', 0),
(176, 28, 27, '2023-10-08', NULL, 'présent', 0),
(177, 108, 27, '2023-10-08', NULL, 'présent', 0),
(178, 219, 27, '2023-10-08', NULL, 'présent', 0),
(179, 199, 39, '2023-10-08', NULL, 'présent', 0),
(180, 252, 39, '2023-10-08', NULL, 'présent', 0),
(181, 27, 28, '2023-10-08', NULL, 'présent', 0),
(182, 250, 28, '2023-10-08', NULL, 'présent', 0),
(183, 224, 28, '2023-10-08', NULL, 'présent', 0),
(184, 214, 28, '2023-10-08', NULL, 'présent', 0),
(185, 205, 28, '2023-10-08', NULL, 'présent', 0),
(186, 220, 29, '2023-10-08', NULL, 'présent', 0),
(187, 32, 29, '2023-10-08', NULL, 'présent', 0),
(188, 104, 29, '2023-10-08', NULL, 'présent', 0),
(189, 81, 29, '2023-10-08', NULL, 'présent', 0),
(190, 178, 33, '2023-10-09', 'présent', NULL, 0),
(191, 166, 32, '2023-10-09', 'présent', NULL, 0),
(192, 166, 38, '2023-10-09', 'présent', NULL, 0),
(193, 166, 40, '2023-10-09', 'absent', NULL, 0),
(194, 166, 31, '2023-10-09', 'absent', NULL, 0),
(195, 166, 37, '2023-10-09', 'absent', NULL, 0),
(196, 143, 36, '2023-10-10', 'présent', NULL, 0),
(197, 143, 34, '2023-10-10', 'présent', NULL, 0),
(198, 143, 35, '2023-10-10', 'présent', NULL, 0),
(199, 220, 30, '2023-10-10', NULL, 'présent', 0),
(200, 206, 30, '2023-10-10', NULL, 'présent', 0),
(201, 32, 30, '2023-10-10', NULL, 'présent', 0),
(202, 142, 30, '2023-10-10', NULL, 'absent', 0),
(203, 141, 30, '2023-10-10', NULL, 'absent', 0),
(204, 143, 30, '2023-10-10', NULL, 'présent', 0),
(205, 211, 30, '2023-10-10', NULL, 'présent', 0),
(206, 133, 30, '2023-10-10', NULL, 'présent', 0),
(207, 30, 30, '2023-10-10', 'présent', NULL, 0),
(208, 30, 30, '2023-10-10', 'présent', NULL, 0),
(209, 30, 30, '2023-10-10', 'présent', 'présent', 0),
(210, 30, 30, '2023-10-10', 'présent', 'présent', 0),
(211, 172, 30, '2023-10-10', 'présent', 'présent', 0),
(212, 172, 30, '2023-10-10', 'présent', 'présent', 0),
(213, 172, 30, '2023-10-10', 'présent', 'présent', 0),
(214, 115, 10, '2023-10-10', NULL, 'présent', 0),
(215, 216, 10, '2023-10-10', NULL, 'présent', 0),
(216, 18, 10, '2023-10-10', NULL, 'présent', 0),
(217, 166, 10, '2023-10-10', NULL, 'absent', 0),
(218, 43, 10, '2023-10-10', NULL, 'absent', 0),
(219, 35, 10, '2023-10-10', NULL, 'présent', 0),
(220, 42, 10, '2023-10-10', NULL, 'présent', 0),
(221, 24, 10, '2023-10-10', NULL, 'présent', 0),
(222, 151, 10, '2023-10-10', NULL, 'présent', 0),
(223, 23, 10, '2023-10-10', NULL, 'présent', 0),
(224, 142, 9, '2023-10-10', NULL, 'présent', 0),
(225, 43, 19, '2023-10-10', NULL, 'absent', 0),
(226, 115, 19, '2023-10-10', NULL, 'présent', 0),
(227, 166, 19, '2023-10-10', NULL, 'absent', 0),
(228, 149, 19, '2023-10-10', NULL, 'présent', 0),
(229, 35, 19, '2023-10-10', NULL, 'présent', 0),
(230, 16, 19, '2023-10-10', NULL, 'présent', 0),
(231, 24, 19, '2023-10-10', NULL, 'présent', 0),
(232, 15, 19, '2023-10-10', NULL, 'présent', 0),
(233, 151, 19, '2023-10-10', NULL, 'absent', 0),
(234, 18, 19, '2023-10-10', NULL, 'présent', 0),
(235, 23, 19, '2023-10-10', NULL, 'présent', 0),
(236, 216, 19, '2023-10-10', NULL, 'présent', 0),
(237, 115, 18, '2023-10-10', NULL, 'présent', 0),
(238, 100, 18, '2023-10-10', NULL, 'présent', 0),
(239, 151, 18, '2023-10-10', NULL, 'présent', 0),
(240, 42, 18, '2023-10-10', NULL, 'présent', 0),
(241, 142, 18, '2023-10-10', NULL, 'présent', 0),
(242, 149, 18, '2023-10-10', NULL, 'présent', 0),
(243, 35, 18, '2023-10-10', NULL, 'présent', 0),
(244, 43, 18, '2023-10-10', NULL, 'absent', 0),
(245, 43, 18, '2023-10-10', NULL, 'présent', 0),
(246, 19, 39, '2023-10-10', NULL, 'présent', 0),
(247, 26, 39, '2023-10-10', NULL, 'présent', 0),
(248, 205, 30, '2023-10-10', 'présent', 'présent', 0),
(249, 89, 30, '2023-10-10', 'présent', 'présent', 0),
(250, 23, 32, '2023-10-10', 'présent', NULL, 0),
(251, 202, 42, '2023-10-10', 'présent', NULL, 0),
(252, 160, 31, '2023-10-15', NULL, 'présent', 0),
(253, 190, 31, '2023-10-15', NULL, 'présent', 0),
(254, 158, 31, '2023-10-15', NULL, 'absent', 0),
(255, 142, 31, '2023-10-15', NULL, 'absent', 0),
(256, 6, 31, '2023-10-15', NULL, 'absent', 0),
(257, 30, 31, '2023-10-15', 'présent', NULL, 0),
(258, 80, 31, '2023-10-15', 'présent', NULL, 0),
(259, 34, 31, '2023-10-15', 'présent', NULL, 0),
(260, 159, 31, '2023-10-15', 'présent', NULL, 0),
(261, 31, 31, '2023-10-15', 'présent', NULL, 0);

-- --------------------------------------------------------

--
-- Structure de la table `inscription_saison`
--

DROP TABLE IF EXISTS `inscription_saison`;
CREATE TABLE IF NOT EXISTS `inscription_saison` (
  `rider_id` int NOT NULL,
  `saison_id` int NOT NULL,
  `projet` int NOT NULL
) ENGINE=MyISAM DEFAULT CHARSET=utf8mb3;

--
-- Déchargement des données de la table `inscription_saison`
--

INSERT INTO `inscription_saison` (`rider_id`, `saison_id`, `projet`) VALUES
(1, 1, 0),
(2, 1, 0),
(3, 1, 0),
(4, 1, 0),
(5, 1, 0),
(6, 1, 0),
(7, 1, 0),
(8, 1, 0),
(9, 1, 0),
(10, 1, 0),
(11, 1, 0),
(12, 1, 0),
(13, 1, 0),
(14, 1, 0),
(15, 1, 0),
(16, 1, 0),
(17, 1, 0),
(18, 1, 0),
(19, 1, 0),
(20, 1, 0),
(21, 1, 0),
(22, 1, 0),
(23, 1, 0),
(24, 1, 0),
(25, 1, 0),
(26, 1, 0),
(27, 1, 0),
(28, 1, 0),
(29, 1, 0),
(30, 1, 0),
(31, 1, 0),
(32, 1, 0),
(33, 1, 0),
(34, 1, 0),
(35, 1, 0),
(36, 1, 0),
(37, 1, 0),
(38, 1, 0),
(39, 1, 0),
(40, 1, 0),
(41, 1, 0),
(42, 1, 0),
(43, 1, 0),
(44, 1, 0),
(45, 1, 0),
(46, 1, 0),
(47, 1, 0),
(48, 1, 0),
(49, 1, 0),
(50, 1, 0),
(51, 1, 0),
(52, 1, 0),
(53, 1, 0),
(54, 1, 0),
(55, 1, 0),
(56, 1, 0),
(57, 1, 0),
(58, 1, 0),
(59, 1, 0),
(60, 1, 0),
(61, 1, 0),
(62, 1, 0),
(63, 1, 0),
(64, 1, 0),
(65, 1, 0),
(66, 1, 0),
(67, 1, 0),
(68, 1, 0),
(69, 1, 0),
(70, 1, 0),
(71, 1, 0),
(72, 1, 0),
(73, 1, 0),
(74, 1, 0),
(75, 1, 0),
(76, 1, 0),
(77, 1, 0),
(78, 1, 0),
(79, 1, 0),
(80, 1, 0),
(81, 1, 0),
(82, 1, 0),
(83, 1, 0),
(84, 1, 0),
(85, 1, 0),
(86, 1, 0),
(87, 1, 0),
(88, 1, 0),
(89, 1, 0),
(90, 1, 0),
(91, 1, 0),
(92, 1, 0),
(93, 1, 0),
(94, 1, 0),
(95, 1, 0),
(96, 1, 0),
(97, 1, 0),
(98, 1, 0),
(99, 1, 0),
(100, 1, 0),
(101, 1, 0),
(102, 1, 0),
(103, 1, 0),
(104, 1, 0),
(105, 1, 0),
(106, 1, 0),
(107, 1, 0),
(108, 1, 0),
(109, 1, 0),
(110, 1, 0),
(111, 1, 0),
(112, 1, 0),
(113, 1, 0),
(114, 1, 0),
(115, 1, 0),
(116, 1, 0),
(117, 1, 0),
(118, 1, 0),
(119, 1, 0),
(120, 1, 0),
(121, 1, 0),
(122, 1, 0),
(123, 1, 0),
(124, 1, 0),
(125, 1, 0),
(126, 1, 0),
(127, 1, 0),
(128, 1, 0),
(129, 1, 0),
(130, 1, 0),
(131, 1, 0),
(132, 1, 0),
(133, 1, 0),
(134, 1, 0),
(135, 1, 0),
(136, 1, 0),
(137, 1, 0),
(138, 1, 0),
(139, 1, 0),
(140, 1, 0),
(141, 1, 0),
(142, 1, 0),
(143, 1, 0),
(144, 1, 0),
(145, 1, 0),
(146, 1, 0),
(147, 1, 0),
(148, 1, 0),
(42, 2, 0),
(35, 2, 0),
(31, 2, 0),
(30, 2, 0),
(24, 2, 0),
(23, 2, 0),
(18, 2, 0),
(14, 2, 0),
(47, 2, 0),
(74, 2, 0),
(98, 2, 0),
(99, 2, 0),
(100, 2, 0),
(101, 2, 0),
(104, 2, 0),
(105, 2, 0),
(106, 2, 0),
(115, 2, 0),
(43, 2, 0),
(150, 2, 0),
(149, 2, 0),
(151, 2, 0),
(133, 2, 0),
(156, 2, 0),
(130, 2, 0),
(15, 2, 0),
(16, 2, 0),
(157, 2, 0),
(158, 2, 0),
(19, 2, 0),
(159, 2, 0),
(160, 2, 0),
(144, 2, 0),
(131, 2, 0),
(46, 2, 0),
(53, 2, 0),
(17, 2, 0),
(161, 2, 0),
(162, 2, 0),
(237, 2, 0),
(164, 2, 0),
(165, 2, 0),
(166, 2, 0),
(167, 2, 0),
(168, 2, 0),
(169, 2, 0),
(170, 2, 0),
(171, 2, 0),
(172, 2, 0),
(173, 2, 0),
(174, 2, 0),
(240, 2, 0),
(176, 2, 0),
(177, 2, 0),
(178, 2, 0),
(128, 2, 0),
(179, 2, 0),
(180, 2, 0),
(181, 2, 0),
(238, 2, 0),
(184, 2, 0),
(185, 2, 0),
(186, 2, 0),
(187, 2, 0),
(188, 2, 0),
(189, 2, 0),
(190, 2, 0),
(191, 2, 0),
(192, 2, 0),
(193, 2, 0),
(194, 2, 0),
(195, 2, 0),
(196, 2, 0),
(197, 2, 0),
(198, 2, 0),
(199, 2, 0),
(200, 2, 0),
(201, 2, 0),
(202, 2, 0),
(203, 2, 0),
(204, 2, 0),
(205, 2, 0),
(206, 2, 0),
(207, 2, 0),
(208, 2, 0),
(209, 2, 0),
(210, 2, 0),
(211, 2, 0),
(80, 2, 0),
(212, 2, 0),
(213, 2, 0),
(214, 2, 0),
(91, 2, 0),
(215, 2, 0),
(216, 2, 0),
(217, 2, 0),
(218, 2, 0),
(219, 2, 0),
(141, 2, 0),
(142, 2, 0),
(220, 2, 0),
(221, 2, 0),
(222, 2, 0),
(34, 2, 0),
(223, 2, 0),
(224, 2, 0),
(225, 2, 0),
(226, 2, 0),
(227, 2, 0),
(228, 2, 0),
(229, 2, 0),
(230, 2, 0),
(118, 2, 0),
(231, 2, 0),
(232, 2, 0),
(233, 2, 0),
(81, 2, 0),
(234, 2, 0),
(97, 2, 0),
(70, 2, 0),
(122, 2, 0),
(235, 2, 0),
(6, 2, 0),
(85, 2, 0),
(135, 2, 0),
(113, 2, 0),
(114, 2, 0),
(116, 2, 0),
(127, 2, 0),
(236, 2, 0),
(143, 2, 0),
(246, 2, 0),
(83, 2, 0),
(243, 2, 0),
(244, 2, 0),
(245, 2, 0),
(93, 2, 0),
(247, 2, 0),
(248, 2, 0),
(32, 2, 0),
(108, 2, 0),
(249, 2, 0),
(250, 2, 0),
(251, 2, 0),
(252, 2, 0),
(253, 2, 0),
(27, 2, 0),
(28, 2, 0),
(26, 2, 0),
(76, 2, 0),
(254, 2, 0),
(89, 2, 0),
(255, 2, 0),
(256, 2, 0);

-- --------------------------------------------------------

--
-- Structure de la table `lieu`
--

DROP TABLE IF EXISTS `lieu`;
CREATE TABLE IF NOT EXISTS `lieu` (
  `id` int NOT NULL AUTO_INCREMENT,
  `nom` varchar(255) NOT NULL,
  `adresse` varchar(255) NOT NULL,
  PRIMARY KEY (`id`)
) ENGINE=MyISAM AUTO_INCREMENT=4 DEFAULT CHARSET=utf8mb3;

--
-- Déchargement des données de la table `lieu`
--

INSERT INTO `lieu` (`id`, `nom`, `adresse`) VALUES
(1, 'Halle Gosnat', '30 Rue Amédée Huon, 94200 Ivry-sur-Seine'),
(2, 'Gymnase Dulcie September', '8, rue Jean-Jacques Rousseau 94200 Ivry-sur-Seine'),
(3, 'TEP Louis Braille', '24 Rue Louis Braille, 75012 Paris');

-- --------------------------------------------------------

--
-- Structure de la table `projet`
--

DROP TABLE IF EXISTS `projet`;
CREATE TABLE IF NOT EXISTS `projet` (
  `id` int NOT NULL AUTO_INCREMENT,
  `nom` varchar(255) NOT NULL,
  `date_debut` date NOT NULL,
  `statut` int NOT NULL,
  PRIMARY KEY (`id`)
) ENGINE=MyISAM DEFAULT CHARSET=utf8mb3;

-- --------------------------------------------------------

--
-- Structure de la table `projet_compte`
--

DROP TABLE IF EXISTS `projet_compte`;
CREATE TABLE IF NOT EXISTS `projet_compte` (
  `compte` int NOT NULL,
  `projet` int NOT NULL,
  `droit` int NOT NULL
) ENGINE=MyISAM DEFAULT CHARSET=utf8mb3;

-- --------------------------------------------------------

--
-- Structure de la table `projet_objet`
--

DROP TABLE IF EXISTS `projet_objet`;
CREATE TABLE IF NOT EXISTS `projet_objet` (
  `projet` int NOT NULL,
  `objet` varchar(20) NOT NULL,
  `id_objet` int NOT NULL
) ENGINE=MyISAM DEFAULT CHARSET=utf8mb3;

-- --------------------------------------------------------

--
-- Structure de la table `rb_buts`
--

DROP TABLE IF EXISTS `rb_buts`;
CREATE TABLE IF NOT EXISTS `rb_buts` (
  `id` int NOT NULL AUTO_INCREMENT,
  `buteur` int DEFAULT NULL,
  `passeur` int DEFAULT NULL,
  `equipe` int NOT NULL,
  `match_tournoi` int NOT NULL,
  `temps` varchar(10) NOT NULL,
  PRIMARY KEY (`id`)
) ENGINE=MyISAM DEFAULT CHARSET=utf8mb3;

-- --------------------------------------------------------

--
-- Structure de la table `rb_match`
--

DROP TABLE IF EXISTS `rb_match`;
CREATE TABLE IF NOT EXISTS `rb_match` (
  `id` int NOT NULL AUTO_INCREMENT,
  `equipe_1` int NOT NULL,
  `equipe_2` int NOT NULL,
  `issue` varchar(1) NOT NULL DEFAULT '0',
  `date` date NOT NULL,
  `lieu` int NOT NULL,
  `heure` varchar(10) NOT NULL,
  `tour` int NOT NULL,
  `mvp_equipe_1` int DEFAULT NULL,
  `mvp_equipe_2` int DEFAULT NULL,
  `arbitre_terrain` varchar(255) NOT NULL,
  `arbitre_chaise` varchar(255) NOT NULL,
  PRIMARY KEY (`id`)
) ENGINE=MyISAM DEFAULT CHARSET=utf8mb3;

-- --------------------------------------------------------

--
-- Structure de la table `rb_players`
--

DROP TABLE IF EXISTS `rb_players`;
CREATE TABLE IF NOT EXISTS `rb_players` (
  `id` int NOT NULL AUTO_INCREMENT,
  `prenom` int NOT NULL,
  `nom` varchar(255) NOT NULL,
  `date_naissance` date DEFAULT NULL,
  `gardien` tinyint(1) NOT NULL DEFAULT '0',
  `sexe` tinyint(1) NOT NULL DEFAULT '0',
  PRIMARY KEY (`id`)
) ENGINE=MyISAM DEFAULT CHARSET=utf8mb3;

-- --------------------------------------------------------

--
-- Structure de la table `rb_teams`
--

DROP TABLE IF EXISTS `rb_teams`;
CREATE TABLE IF NOT EXISTS `rb_teams` (
  `id` int NOT NULL AUTO_INCREMENT,
  `nom_long` varchar(255) NOT NULL,
  `nom_court` varchar(3) NOT NULL,
  `couleur_1` varchar(10) NOT NULL,
  `couleur_2` varchar(10) NOT NULL,
  `pays` varchar(20) NOT NULL,
  `sexe` tinyint(1) NOT NULL DEFAULT '0',
  PRIMARY KEY (`id`)
) ENGINE=MyISAM DEFAULT CHARSET=utf8mb3;

-- --------------------------------------------------------

--
-- Structure de la table `rb_tour`
--

DROP TABLE IF EXISTS `rb_tour`;
CREATE TABLE IF NOT EXISTS `rb_tour` (
  `id` int NOT NULL AUTO_INCREMENT,
  `sexe` tinyint(1) NOT NULL DEFAULT '0',
  `nom` varchar(255) NOT NULL,
  `ordre` int NOT NULL,
  `niveau` int NOT NULL,
  PRIMARY KEY (`id`)
) ENGINE=MyISAM AUTO_INCREMENT=2 DEFAULT CHARSET=utf8mb3;

--
-- Déchargement des données de la table `rb_tour`
--

INSERT INTO `rb_tour` (`id`, `sexe`, `nom`, `ordre`, `niveau`) VALUES
(1, 0, 'Phase de poules - Groupe A / Group Stage - Pool A', 1, 1);

-- --------------------------------------------------------

--
-- Structure de la table `riders`
--

DROP TABLE IF EXISTS `riders`;
CREATE TABLE IF NOT EXISTS `riders` (
  `id` int NOT NULL AUTO_INCREMENT,
  `nom` varchar(255) NOT NULL,
  `prenom` varchar(255) NOT NULL,
  `date_naissance` date NOT NULL,
  `sexe` varchar(10) NOT NULL,
  `niveau` enum('débutant','intermédiaire','avancé') NOT NULL,
  `adresse` varchar(255) NOT NULL,
  `compte` int NOT NULL,
  `est_prof` tinyint(1) DEFAULT '0',
  `est_admin` tinyint(1) DEFAULT '0',
  `telephone` varchar(50) NOT NULL,
  `personne_prevenir` varchar(100) NOT NULL,
  `telephone_personne_prevenir` varchar(100) NOT NULL,
  `projet` int NOT NULL,
  PRIMARY KEY (`id`)
) ENGINE=MyISAM AUTO_INCREMENT=258 DEFAULT CHARSET=utf8mb3;

--
-- Déchargement des données de la table `riders`
--

INSERT INTO `riders` (`id`, `nom`, `prenom`, `date_naissance`, `sexe`, `niveau`, `adresse`, `compte`, `est_prof`, `est_admin`, `telephone`, `personne_prevenir`, `telephone_personne_prevenir`, `projet`) VALUES
(1, 'YOUCEFI', 'Nora', '1992-02-24', '0', 'débutant', '11 Rue Simone de Beauvoir 93100 Montreuil', 2, 0, 0, '0672979942', 'BRAZILLE Morgane', '0663556544  ', 0),
(2, 'Faure', 'Lorraine', '1988-10-07', '0', 'débutant', '76 avenue du président Wilson 93100 Montreuil', 3, 0, 0, '0678687742', 'Colin Catherine', '0679280722  ', 0),
(3, 'Barnabé', 'Lise', '2014-11-20', '0', 'débutant', '40 bis rue André Visage 94400 Vitry sur Seine', 4, 0, 0, '0623554478', 'Barnabé Sabrina', '0623554478 0610809534', 0),
(4, 'Barnabé', 'Sabrina', '1984-06-10', '0', 'débutant', '40 bis rue André Visage 94400 Vitry sur Seine', 4, 0, 0, '0623554478', 'Barnabé Julien', '0610809534  ', 0),
(5, 'Annon', 'Laurine', '1997-09-19', '0', 'débutant', '163 Avenue Jean Jaurès 75019 Paris', 5, 0, 0, '0612619307', 'Moulo Orlane', '0781158249  ', 0),
(6, 'Fairet', 'Emilie', '1980-05-25', '0', 'intermédiaire', '65 Rue Servan   75011 Paris', 6, 0, 0, '   ', '    -    ', '  -  ', 0),
(7, 'CLEMENT', 'Camille', '1992-01-13', '0', 'débutant', '3 rue Westermeyer 94200 Ivry sur seine', 7, 0, 0, '0640199500', 'CLEMENT Marie-Pierre', '0674732936  ', 0),
(8, 'beldjilali', 'liam', '2016-06-23', '0', 'débutant', '23 av gambetta 94400 Vitry-sur-Seine', 8, 0, 0, '0651289017', 'lalko joanna', '0651289017 0615692839', 0),
(9, 'lalko-beldjilali', 'joanna', '1980-02-29', '0', 'débutant', '23 av gambetta 94400 Vitry-sur-Seine', 8, 0, 0, '0651289017', 'beldjilali riad', '0615692839  ', 0),
(10, 'RIPAULT', 'Clémentine', '1993-08-05', '0', 'débutant', '28 Rue Marcelin Berthelot 94140 Alfortville', 9, 0, 0, '0602689351', 'RIPAULT Solange', '0682356100  ', 0),
(11, 'FRANCK', 'Geraldine', '1983-05-02', '0', 'débutant', '141 rue des pyrénées 75020 PARIS', 10, 0, 0, '0684179773', 'SILVESTRI Lauriane', '0609208053  ', 0),
(12, 'Thiltges', 'Charlie', '1994-04-10', '0', 'débutant', '75 Rue Marat, Bat B2, 3e étage à gauche 94200 Ivry-sur-Seine', 11, 0, 0, '0677656271', 'Weinland Liza', '0609827661  ', 0),
(13, 'Dalla-Libera', 'Sami', '1980-08-21', '0', 'débutant', '70 boulevard de Bellechasse 94100 Saint Maur des Fosses', 12, 0, 0, '0607647571', 'Pacreau Caroline', '07 69 11 34 15  ', 0),
(14, 'Omnès Le Lamer', 'Virginie', '1975-04-03', '0', 'intermédiaire', '19 Rue Louis Fablet   94200 Ivry sur Seine', 13, 0, 1, '  0695113506', '    -    ', '  -  ', 0),
(15, 'Pham-Van-Hué', 'Nahéma', '1998-02-19', '0', 'avancé', '15 Rue Rue de Montreuil   75011 Paris', 14, 0, 0, '  0668204929', '    -    ', '  -  ', 0),
(16, 'LAKROUT', 'Meidi', '1979-06-09', '1', 'intermédiaire', '81 D2 Quai Boissy d\'Anglas D2 78380 bougival', 15, 0, 0, '0615052947 +33615052947', 'LAKROUT   -    ', '  -  ', 0),
(17, 'Dorion', 'Léa', '1991-02-10', '0', 'intermédiaire', '110 Rue De Stalingrad   93100 Montreuil', 16, 0, 0, '  0668611665', '    -    ', '  -  ', 0),
(18, 'Tezier', 'Valentine', '1989-08-15', '0', 'intermédiaire', '165 Avenue Henri Ginoux   92120 MONTROUGE', 17, 0, 0, '  0668439399', '    -    ', '  -  ', 0),
(19, 'Lennon', 'Gaëlle', '1977-05-21', '0', 'intermédiaire', '175 Rue Marcel Hartmann   94200 Ivry-sur-Seine', 18, 0, 0, '  0663745733', '    -    ', '  -  ', 0),
(20, 'BRIER', 'Maud', '2001-07-11', '0', 'intermédiaire', '35 avenue des Gobelins 75013 Paris', 19, 0, 0, '0750806929', 'Brier Camille', '0649726661  ', 0),
(21, 'Desindes ', 'Alice', '1977-10-28', '0', 'intermédiaire', '36 rue de Lancry 60200 Compiègne', 20, 0, 0, '0619730234', 'Dronchon David', '0687567831  ', 0),
(22, 'Billard', 'Jessica', '1996-11-01', '0', 'avancé', '5 avenue pierre brasseur 95490 Vauréal', 21, 0, 0, '0658589893', 'Billard Charles', '+33 7 64 17 55 08  ', 0),
(23, 'Weibel', 'Elka', '1995-12-12', '0', 'avancé', '34 Rue Emile Zola   94140 Alfortville', 22, 0, 0, '  0631851682', '    -    ', '  -  ', 0),
(24, 'Laporte', 'Laurie', '1997-02-27', '0', 'avancé', '16 Esplanade des frères lumière   95220 Herblay-sur-seine', 23, 1, 1, '  0640113220', '    -    ', '  -  ', 0),
(25, 'Elmkhanter', 'Marie', '1995-05-20', '0', 'débutant', '24 rue de l\'aubrac 75012 Paris', 24, 0, 0, '+33608743283', 'Elmkhanter Nadine', '0614730489  ', 0),
(26, 'lixon', 'sophie', '1977-08-02', '0', 'intermédiaire', '10 RUE LOUIS FABLET 94200 IVRY SUR SEINE', 25, 0, 0, '0603673174', 'tournaire arnaud', '0663036216  ', 0),
(27, 'tournaire', 'swann', '2012-08-24', '0', 'intermédiaire', '10 RUE LOUIS FABLET 94200 IVRY SUR SEINE', 25, 0, 0, '0663036216', 'Lixon Sophie', '0603673174 0663036216', 0),
(28, 'tournaire', 'sasha', '2012-06-26', '0', 'débutant', '10 RUE LOUIS FABLETS 94200 IVRY SUR SEINE', 25, 0, 0, '0603673174', 'tournaire arnaud', '0663036216 0603673174', 0),
(29, 'Zakki', 'Samy', '1998-10-14', '01', 'avancé', '1, allée des morelles 91360 Epinay sur orge', 26, 0, 0, '0633782236', 'Zakki Nour-eddine', '0673868940 0619519511', 0),
(30, 'Chapartegui', 'Clémentine', '2017-11-21', '0', 'intermédiaire', '21 Rue Pasteur   94200 Ivry-sur-Seine', 27, 0, 0, '  0669403738', 'CHAPARTEGUI Jean-Emmanuel - NGUYEN PHUC Cécile', '0669403738 - 0652699085', 0),
(31, 'Chapartegui', 'Jean-Emmanuel', '1986-06-26', '1', 'avancé', '21 Rue Pasteur   94200 Ivry-sur-Seine', 27, 1, 1, '  0669403738', 'NGUYEN PHUC Cécile -    ', '0652699085 -  ', 0),
(32, 'DJEDDA', 'Fares', '2015-02-17', '1', 'intermédiaire', '179 boulevard de stalingrad 94200 IVRY SUR SEINE', 28, 0, 0, '0782592780', 'DJEDDA Mourad DJEDDA Nora', '0618295822 0782592780', 0),
(33, 'Fiel', 'Antoine', '1990-08-28', '1', 'avancé', '20 Rue Bénard 75014 PARIS 14', 29, 0, 0, '+33612621523', 'Fiel Viviane', '0685192988  ', 0),
(34, 'Julienne', 'Charlène', '1986-07-28', '0', 'intermédiaire', '5 Avenue De Longjumeau   91360 Villemoisson sur orge', 30, 0, 0, '  0682876704', '    -    ', '  -  ', 0),
(35, 'Joseph', 'Raoul', '1987-09-01', '1', 'avancé', '105 Boulevard Victor Hugo 92110 Clichy', 31, 0, 0, '+33614166018', 'Brédat Patrick', '0616134944  ', 0),
(36, 'Weinland', 'Liza', '1993-07-02', '0', 'débutant', '75 B2 rue Marat 94200 Ivry Sur Seine', 32, 0, 0, '0609827661', 'Thiltges Charlie', '0677656271  ', 0),
(37, 'LE GAC', 'Anne-Audrey', '1988-11-13', '0', 'débutant', '2C Avenue de la Chesnaie, 91230 MONTGERON', 33, 0, 0, '0761461650', 'Milesi Nicolas', '0681578472  ', 0),
(38, 'BEN ICHOU - LEPRINCE', 'SAUL', '2017-01-06', '1', 'avancé', '43 RUE DES FRERES BLAIS 94200 IVRY SUR SEINE', 34, 0, 0, '0626454992', 'CHLOE LEPRINCE MATHIEU BEN ICHOU', '0665523836 0626454992', 0),
(39, 'BEN ICHOU - LEPRINCE', 'ISMAEL', '2013-07-31', '0', 'débutant', '43 RUE DES FRERES BLAIS 94200 IVRY SUR SEINE', 34, 0, 0, '0626454992', 'CHLOE LEPRINCE MATHIEU BEN ICHOU', '0665523836 0626454992', 0),
(40, 'Soubielle-Fourie', 'Charline', '1998-11-15', '0', 'débutant', '16 rue Guyton de Morveau 75013 Paris', 35, 0, 0, '0629172773', 'Soubielle-Fourie Charline', '0617060860 0609103737', 0),
(41, 'Mouliney', 'Maxime', '1991-11-04', '0', 'débutant', '12A rue des dorés 91360 Épinay-sur-Orge', 36, 0, 0, '0629748314', 'Eyang Élodie', '06 08 47 14 50  ', 0),
(42, 'Kamtchueng', 'Toko', '1987-01-14', '1', 'avancé', '83 Avenue d\'Italie   75013 Paris', 37, 1, 1, '  0642010973', '    -    ', '  -  ', 0),
(43, 'Bounleng', 'David', '1985-06-30', '1', 'avancé', '2 Avenue Avenue Saint-Maurice du Valais   94410 Saint-maurice', 38, 0, 1, '  0612165244', '    -    ', '  -  ', 0),
(44, 'AUSSET', 'Margot', '2012-06-27', '0', 'débutant', '23 rue Jean-Jacques ROUSSEAU 94200 Ivry sur seine', 39, 0, 0, '0769839694', 'BENARD Yvon', '0685563266  ', 0),
(45, 'Hernando', 'Malik', '2010-04-25', '0', 'débutant', '56 rue du Fort 94400 Vitry sur seine', 40, 0, 0, '0649825469', 'Bennani / Hernando Dounia / Jessy', '0649825469 0623114903', 0),
(46, 'Duarte', 'Lucie', '1990-02-28', '0', 'intermédiaire', '12 Rue Du docteur Goujon   75012 Paris', 41, 0, 0, '  0687117510', '    -    ', '  -  ', 0),
(47, 'Taillebrest', 'François', '1985-03-07', '0', 'avancé', '30 rue saint Claude 93190 Livry-Gargan', 42, 1, 0, 'Taillebrest Elisabeth / Loïc', 'Taillebrest Elisabeth / Loïc', '0344499807 0676632646', 0),
(48, 'Trouvé ', 'Mélanie ', '1996-04-03', '0', 'débutant', '251 avenue Daumesnil 75012 Paris', 43, 0, 0, '0659921206', 'Azémar Léo', '0633168315  ', 0),
(49, 'RIFAFUD', 'CELIA', '1973-07-16', '0', 'débutant', '75 BIS AVENUE DANIELLE CASANOVA 94200 IVRY SUR SEINE', 44, 0, 0, '0608217585', 'CASTRO ANDREA', '0677133399  ', 0),
(50, 'Tripault', 'Fabrice', '1978-10-04', '0', 'débutant', '34 rue de Picpus 75012 PARIS', 45, 0, 0, '0662078978', 'Tripault Marie-Rose', '0612392868  ', 0),
(51, 'Revilloud', 'Marc', '1986-06-25', '0', 'débutant', '34 rue auguste demmler 92340 Bourg la reine', 46, 0, 0, '0689616028', 'Suissa Myriam', '0682351487  ', 0),
(52, 'henry', 'mary', '1986-09-29', '0', 'débutant', '40 Rue Marat 94200 Ivry Sur Seine', 47, 0, 0, '0760586746', 'henry Annick', '0660501557  ', 0),
(53, 'LACOMBE LAROCHE', 'Gabriel', '2013-05-10', '1', 'intermédiaire', '43 Rue Jules Lagaisse   94400 VITRY-SUR-SEINE', 48, 0, 0, '  0627949246', 'Lacombe Florian - Laroche Amandine', '0627949246 - 0627247774', 0),
(54, 'Eschenauer', 'Zeli', '2012-02-08', '0', 'débutant', '20 rue Pierre Rigaud 94200 Ivry sue Seine', 49, 0, 0, '0619925885', 'Bonomo Nina', '0619925885 0607694973', 0),
(55, 'Alloing', 'Marie ', '1992-01-10', '0', 'débutant', '2 bis rue de la révolution 92400 Ivry-sur-seine', 50, 0, 0, '0645048560', 'Alloing Ourdia', '0676747830  ', 0),
(56, 'Lemaire', 'Nicolas', '1991-08-10', '0', 'débutant', '8 rue jules Edouard Voisembert 92130 Issy Les Moulineaux', 51, 0, 0, '0782085648', 'Allain Mathilde', '0646876826  ', 0),
(57, 'Griveau', 'Johanna', '1988-06-15', '0', 'débutant', '9 rue Pierre et Marie curie 94200 Ivry sur seine', 52, 0, 0, '0671414589', 'Griveau Griveau', 'Griveau  ', 0),
(58, 'vuillerme', 'nicolas', '1994-06-06', '0', 'débutant', '8 rue marie benoist 75012 PARIS', 53, 0, 0, '0626964655', 'Gesquiere Hortense', '0667467089  ', 0),
(59, 'Crozat', 'Noemie', '1998-09-03', '0', 'débutant', '1 rue Léon 75018 Paris', 54, 0, 0, '0652929904', 'Dehais Etienne', '+33647553237  ', 0),
(60, 'Bocos', 'Sebastien ', '1981-06-15', '0', 'débutant', '107 rue Bobillot 75013 Paris', 55, 0, 0, '0786184002', 'Babeau Camille', '0664873882  ', 0),
(61, 'Alcolei', 'Aurore', '1992-11-27', '0', 'débutant', '15 rue Paul Bert 94200 Ivry-Sur-Seine', 56, 0, 0, '0686695750', 'Alcolei Françoise', '0683665541  ', 0),
(62, 'Caroujel', 'Clement-jeremy', '1987-06-08', '0', 'débutant', '85 Rue Carnot 92300 Levallois Perret', 57, 0, 0, '0614713208', 'BIREAUD Jennifer', '+33 6 69 27 47 24  ', 0),
(63, 'Rougelin', 'Angèle ', '1999-08-15', '0', 'débutant', '96 Rue de Paris 92190 Meudon', 58, 0, 0, '+33647767756', 'Ribault Mathilde', '0629553894  ', 0),
(64, 'Aubertin', 'Arthur', '1990-02-27', '0', 'débutant', '2 bis rue de la révolution 94200 IVRY SUR SEINE', 59, 0, 0, '0684902268', 'Alloing Marie', '06 45 04 85 60  ', 0),
(65, 'Petot', 'Marylou', '1993-11-14', '0', 'débutant', '5 boulevard Davout 75020 PARIS', 60, 0, 0, '+33618404987', 'Joly Clémence', '+33 6 78 92 47 57  ', 0),
(66, 'Le Gouez', 'Mélanie', '1996-11-22', '0', 'débutant', '186 avenue Jean Jaures 75019 Paris', 61, 0, 0, '0664748514', 'Berny Madeleine', '0678801656  ', 0),
(67, 'Servier', 'Marion', '1986-12-12', '0', 'débutant', '4 rue Victor Hugo 93100 Montreuil', 62, 0, 0, '0675028432', 'Grandgenevre Vincent', '0687629158  ', 0),
(68, 'Josse', 'Aurélien ', '1980-09-30', '0', 'débutant', '19 RUE Périer 92120 MONTROUGE', 63, 0, 0, '0628463884', 'Fourn Ornella', '0629844710  ', 0),
(69, 'Marrannes', 'Guilhem', '1980-07-13', '0', 'débutant', '10 rue santerre 75012 paris', 64, 0, 0, '0667561721', 'Ly Annie', '0664880220  ', 0),
(70, 'Kuan', 'Aurélie ', '1984-11-28', '0', 'débutant', '91 Rue Pierre Brossolette   Rueil-Malmaison 92500', 65, 0, 0, '0147495851  ', '    -    ', '  -  ', 0),
(71, 'Johnson', 'Victoria', '2018-05-07', '0', 'débutant', '10 avenue Spinoza 94200 Ivry sur seine', 66, 0, 0, '0618251220', 'Johnson William', '0618251220 0618251220', 0),
(72, 'Johnson', 'Emmy', '2013-09-10', '0', 'débutant', '10 avenue Spinoza 94200 Ivry sur seine', 66, 0, 0, '0618251220', 'Johnson William', '0618251220 0618251220', 0),
(73, 'Johnson', 'Paris', '2011-04-02', '0', 'débutant', '10 avenue Spinoza 94200 Ivry sur seine', 66, 0, 0, '0618251220', 'Johnson William', '0622033692 0618251220', 0),
(74, 'Boubou', ' ', '2000-06-21', '0', 'avancé', '13 rue Mirabeau 94200 Ivry sur Seine', 67, 1, 1, 'Dignat Caroline Dignat Bruno', 'Dignat Caroline Dignat Bruno', '0698894703 0615365522', 0),
(75, 'Grond', 'Nicolas', '1984-06-14', '0', 'débutant', '35 rue du général Faidherbe 94130 NOGENT SUR MARNE', 68, 0, 0, '0681406587', 'Izquierdo Natalia', '0682639174  ', 0),
(76, 'HUART', 'Lucille', '1997-03-01', '0', 'intermédiaire', '17 Rue de Rungis   75013 PARIS', 69, 0, 0, '  0610147204', '    -    ', '  -  ', 0),
(77, 'Gisselbrecht', 'erwan', '1977-05-08', '0', 'débutant', '11, Rue des Aqueducs 94250 Gentilly', 70, 0, 0, '0619055872', 'Heuze Vourch Nathalie', '0681721252  ', 0),
(78, 'PLESIMOND CLAIRY', 'MATTHEW', '2012-04-22', '0', 'débutant', '40 RUE MARAT, BAT 1 - 5EME ETAGE - APT 152 94200 IVRY SUR SEINE', 71, 0, 0, '0669029167', 'CLAIRY MYLENE', '069029167 0684111463', 0),
(79, 'CLAIRY', 'MYLENE', '1986-04-22', '0', 'débutant', '40 RUE MARAT, BAT 1 - 5EME ETAGE - APT 152 94200 IVRY SUR SEINE', 71, 0, 0, '0669029167', 'PLESIMOND JEAN EVANS', '0684111463 0778112724', 0),
(80, 'Bouvet', 'Michaël', '1991-03-26', '1', 'avancé', '33 Rue cdt René Mouchotte   75014 Paris', 72, 0, 0, '   ', '    -    ', '  -  ', 0),
(81, 'Sabatier', 'Zelie', '2015-09-29', '0', 'avancé', '12 Rue Georgette Rosating   94200 Ivry-sur-Seine', 73, 0, 0, '0620406508 0620406508', 'sabatier arnaud - sabatier Marion', '0620406508 - 0699257979', 0),
(82, 'Chagnot', 'Silvère', '1971-09-09', '0', 'débutant', '7 Rue Victor Letalle 75020 Paris', 74, 0, 0, '0628225843', 'Lalande Isabelle', '‭06 65 00 75 11‬ ‭06 10 75 10 70‬', 0),
(83, 'Bernal', 'Eléonore', '1983-12-01', '0', 'débutant', '95 Rue Compans   75019 Paris', 75, 0, 0, '  0671601237', '    -    ', '  -  ', 0),
(84, 'Arghyris', 'Agathe', '1993-12-16', '0', 'débutant', '6 rue de l\'affiche rouge 94200 Ivry-sur-Seine', 76, 0, 0, '0680505890', 'Charvet Amandine', '0632025384  ', 0),
(85, 'Copinet', 'Yoann', '1979-04-04', '1', 'intermédiaire', '7 bis Rue du general Faidherbe   94130 Nogent sur Marne', 77, 0, 0, '  0610091131', '    -    ', '  -  ', 0),
(86, 'Mespoulède', 'Nolwenn', '1992-12-14', '0', 'débutant', '33 bis, avenue Augustin Dumont 92240 Malakoff', 78, 0, 0, '0601711606', 'Sebaa Ryadh (aka l\'humain)', '0666355001  ', 0),
(87, 'DE CARVALHO', 'OLIVIER', '1974-09-27', '0', 'débutant', '29 rue Louise Aglaé Cretté 94400 Vitry sur seine', 79, 0, 0, '0621405988', 'TAVERNIER ELEN', '0611896861  ', 0),
(88, 'Cigolotti', 'Audrey', '1996-04-10', '0', 'débutant', '4 rue de Navarre 75005 Paris', 80, 0, 0, '0788406075', 'Laure Cigolotti', '0478575423  ', 0),
(89, 'THAI', 'Julien', '2013-05-07', '1', 'avancé', '63 Boulevard STALINGRAD APT A31 94400 Vitry sur seine', 81, 0, 0, '0145851956 0145851956', 'THAI FABRICE - THAI Xuefei', '0628350543 - 0628076135', 0),
(90, 'Daguet', 'Capucine', '1994-10-26', '0', 'débutant', '7 rue Marceau 93100 Montreuil', 82, 0, 0, '0666375768', 'Granjon Guillaume', '+33676161560  ', 0),
(91, 'LEBLOND', 'EMILIE', '2016-03-17', '0', 'intermédiaire', '50 Rue Pierre et Marie Curie   Ivry sur Seine 94200', 83, 0, 0, '   ', 'TEA Cécile - LEBLOND Eric', '0621668592 - 0645717495', 0),
(92, 'COTTO', 'Alice', '2016-07-08', '0', 'débutant', '35 RUE MARCEL LAMANT 94200 IVRY SUR SEINE', 84, 0, 0, '0663259608', 'COTTO OLIVIER', '0663259608 0620513096', 0),
(93, 'alauzet', 'alexandre', '1979-01-16', '1', 'débutant', '43 Rue Camille Groult   94400 Vitry sur Seine', 85, 0, 0, '  0650281566', '    -    ', '  -  ', 0),
(94, 'Bakhti', 'Dounia ines', '2014-06-17', '0', 'débutant', '4 Pl. du Général de Gaulle 94200 Ivry-sur-Seine', 86, 0, 0, '0769555188', 'bakhti sarra', '0769555188 0665978963', 0),
(95, 'ye', 'jiamei', '2017-05-10', '0', 'débutant', '63 rue gabriel péri 94200 ivry sur seine', 87, 0, 0, '0667230101', 'jin juan', '0667230101  ', 0),
(96, 'JIN', 'JUAN', '1985-06-28', '0', 'débutant', '63 rue gabriel péri 94200 ivry sur seine', 87, 0, 0, '0667230101', 'HU YAOFANG', '0761383595  ', 0),
(97, 'Ledoux', 'Léa', '1998-12-13', '0', 'intermédiaire', '49 Rue Gabriel Lamé   75012 Paris', 88, 0, 0, '   ', '    -    ', '  -  ', 0),
(98, 'Viain', 'Zélie', '2016-04-03', '0', 'intermédiaire', '30 Rue Brongniart 94600 Choisy-le-Roi', 89, 0, 0, '0685022853 0685022853', 'Windenberger Fanny', '0652944489 0685022853', 0),
(99, 'Viain', 'Léon', '2013-10-29', '0', 'avancé', '30 Rue Brongniart 94600 Choisy-le-Roi', 89, 0, 0, '0685022853 0685022853', 'Windenberger Fanny', '0652944489 0685022853', 0),
(100, 'Viain', 'Francis', '1973-06-10', '0', 'intermédiaire', '30 Rue Brongniart 94600 Choisy-le-Roi', 89, 0, 1, '0685022853 0685022853', 'Windenberger Fanny', '0652944489  ', 0),
(101, 'Windenberger', 'Fanny', '1985-05-26', '0', 'intermédiaire', '30 Rue BRONGNIART   94600 CHOISY LE ROI', 89, 0, 0, '+33652944489 +33652944489', 'Windenberger Fanny -    ', '  -  ', 0),
(102, 'berrabah', 'Sofia', '2013-08-08', '0', 'débutant', '7 rue blaqui 94200 Ivry sur seine', 90, 0, 0, '0676365607', 'Medjoubi Assia', '06 76 36 56 07 06 98 86 04 76', 0),
(103, 'Medjoubi', 'Camila', '2012-05-20', '0', 'débutant', '7 rue blaqui 94200 Ivry sur seine', 90, 0, 0, '0676365607', 'Medjoubi Assia', '06 76 36 56 07 06 98 86 04 76', 0),
(104, 'Le Lamer', 'Bérénice', '2015-07-15', '0', 'intermédiaire', '19 Rue Louis Fablet   94200 Ivry sur Seine', 13, 0, 0, '  0695113506', 'Omnès Le Lamer Virginie - Le Lamer Arnaud', '0695113506 - 06 87 28 53 46', 0),
(105, 'Grivel', 'Eloïse', '2014-03-08', '0', 'intermédiaire', '175 Rue Marcel Hartmann   94200 IVRY SUR SEINE', 91, 0, 0, '+33146718894 +33681223435', 'Grivel Mathilde - Grivel Gaëtan', '+33681223435 - +33607668189', 0),
(106, 'Grivel', 'Mathilde', '1981-08-18', '0', 'intermédiaire', '175 Rue Marcel Hartmann   94200 IVRY SUR SEINE', 91, 0, 1, '+33146718894 +33681223435', 'Grivel Mathilde -    ', '  -  ', 0),
(107, 'Foucault', 'camille', '2013-05-07', '0', 'débutant', '185 rue marcel hartmann 94200 IVRY SUR SEINE', 92, 0, 0, '0666343036', 'lecomte dorothée', '06 66 34 30 36 06 89 23 92 79', 0),
(108, 'Presset', 'Ilse', '2016-08-12', '0', 'débutant', '181 Rue Marcel Hartmann   94200 Ivry sur Seine', 93, 0, 0, '  0621305417', 'Presset Francois - Huré Audrey', '0621305417 - 0603849225', 0),
(109, 'Nkemba', 'Goy', '2014-10-26', '0', 'débutant', '65 boullevard  Hyppolyte Marques 94200 Ivry sur seine', 94, 0, 0, '0642434133', 'Nkemba Vivian', '0642434133  ', 0),
(110, 'Marchon', 'Ulysse ', '2013-09-03', '0', 'débutant', '35 rue saint just 94200 Ivry-sur-Seine', 95, 0, 0, '0609693832', 'Leroy Marie', '0609693832 +33 6 61 16 27 53', 0),
(111, 'Shata', 'Salah', '2015-08-18', '0', 'débutant', '28 avenue Henri Barbusse 94200 Ivry-sur-Seine', 96, 0, 0, '0636369558', 'Lafaye Manon', '0636369558  ', 0),
(112, 'Shata', 'Moustafa', '2017-05-05', '0', 'débutant', '28 avenue Henri Barbusse 94200 Ivry-sur-Seine', 96, 0, 0, '0636369558', 'Lafaye Manon', '0636369558  ', 0),
(113, 'Dobler Trinh Dinh', 'Helena', '2015-12-08', '0', 'intermédiaire', '77 Avenue de Verdun   94200 IVRY SUR SEINE', 97, 0, 0, '   ', 'Dobler Sandrine - Trinh Dinh Jérémie', '  -  ', 0),
(114, 'Dobler', 'Sandrine', '1978-05-10', '0', 'avancé', '77 Avenue de Verdun   94200 IVRY SUR SEINE', 97, 0, 0, '  0650579535', '    -    ', '  -  ', 0),
(115, 'Elamraoui', 'Zoubir', '1977-03-08', '1', 'intermédiaire', '4 Allée Zoubir ELAMRAOUI chateclair 94200 IVRY SUR SEINE', 98, 0, 0, '0688080986 0688080986', 'ELAMRAOUI Zoubir -    ', '  -  ', 0),
(116, 'zyskind', 'Laurène', '1996-04-17', '0', 'intermédiaire', '201 Rue de Charenton   75012 Paris', 99, 0, 0, '0635423505  ', '    -    ', '  -  ', 0),
(117, 'Khaber', 'Naila', '2022-04-15', '0', 'débutant', '11 avenue de verdun 94200 94200 - IVRY SUR SEINE', 100, 0, 0, '0750514043', 'Khaber Angelique', '07 50 51 40 43 0750514825', 0),
(118, 'Garnier', 'Kilian', '1983-08-05', '1', 'intermédiaire', '7 Rue Léon Blum   94600 Choisy Le Roi', 101, 0, 0, '   ', '    -    ', '  -  ', 0),
(119, 'Hette-Tronquart', 'Edmée', '2015-04-17', '0', 'débutant', '31, rue Raspail 94200 Ivry-sur-Seine', 102, 0, 0, '0670592003', 'Hette-Tronquart Caroline', '0670592003 0674439749', 0),
(120, 'guichen', 'Mael', '2014-02-04', '0', 'débutant', '7 rue eugene varlin 94400 VITRY SUR SEINE', 103, 0, 0, '0669454934', 'guichen viviane', '0669454934 0650634649', 0),
(121, 'Abadou ', 'Massiva', '2010-09-18', '0', 'débutant', '39, rue Camille blanc 94400 Vitry-sur-Seine', 104, 0, 0, '0651383303', 'Abadou Kahina', '0651383303  ', 0),
(122, 'Ducray', 'Nicolas', '1981-03-03', '1', 'intermédiaire', '40 Rue Torcy   75018 Paris', 105, 0, 0, '   ', '    -    ', '  -  ', 0),
(123, 'Turquier', 'Sybile', '2016-01-27', '0', 'débutant', '5 sentier des Malicots 94200 Ivry sur Seine', 106, 0, 0, '0626650611', 'Rodriguez Marie', '0688683829  ', 0),
(124, 'Turquier', 'Matilda', '2012-06-14', '0', 'débutant', '5 sentier des Malicots 94200 Ivry sur Seine', 106, 0, 0, '0626650611', 'Rodriguez Marie', '0688683829  ', 0),
(125, 'Turquier', 'Benjamin', '1980-02-14', '0', 'débutant', '5 sentier des Malicots 94200 Ivry sur seine', 106, 0, 0, '0626650611', 'Rodriguez Marie', '0688683829  ', 0),
(126, 'EYANG', 'ELODIE', '1992-04-02', '0', 'débutant', '6 RUE HOCHE APT 73 91260 JUVISY SUR ORGE', 107, 0, 0, '0608471450', 'MOULINEY MAXIME', '0629748314  ', 0),
(127, 'Saint-André', 'Alizé', '1993-09-01', '0', 'débutant', '55 Boulevard Soult   75012 Paris', 108, 0, 0, '  0677336474', '    -    ', '  -  ', 0),
(128, 'Panjak', 'Liza', '2015-11-16', '0', 'intermédiaire', '6 Villa Nieuport   75013 Paris', 109, 0, 0, '  0782595539', 'Panjak Nevena - Panjak Milan', '0782595539 - 0661005660', 0),
(129, 'Pelletier', 'Sophie', '1994-04-19', '0', 'débutant', '14, rue roger salengro 94270 Le kremlin bicetre', 110, 0, 0, '0678444198', 'Messalti Abel', '0765784434  ', 0),
(130, 'Rappaport', 'Florian', '1989-05-07', '1', 'débutant', '10 Rue des Islettes   75018 Paris', 111, 0, 0, '  0632075959', 'Rappaport Florian -    ', '  -  ', 0),
(131, 'fuger', 'camille', '1975-03-25', '0', 'débutant', '101 Avenue paul Doumer   92500 rueil malmaison', 112, 0, 0, '  0610795255', '    -    ', '  -  ', 0),
(132, 'Guilbert', 'Gaëlle', '1997-09-10', '0', 'débutant', '43 rue marcellin berthelot 93160 noisy le grand', 113, 0, 0, '0780349131', 'Guilbert Maeva', '0611298254  ', 0),
(133, 'Warnuvongs--Bonaventure', 'Maëlys', '2008-11-29', '0', 'avancé', '18 Rue Gaston Monmousseau   94200 Ivry-sur-seine', 114, 0, 0, '  0660760078', 'Warnuvongs Romain - Bonaventure Oriane', '0617300232 - 0675437478', 0),
(134, 'Tavani', 'Elias', '2014-03-01', '0', 'débutant', '3 avenue du Générale Leclerc 94200 Ivry sur Seine', 115, 0, 0, '0650883775', 'Tavani Maha', '0650883775 0667201521', 0),
(135, 'Arete', 'Quentin', '2010-11-25', '1', 'avancé', '29 Rue Louise Aglaé cretté   94400 Vitry-sur-Seine', 116, 0, 0, '0145732121  ', 'Tavernier Elen -    ', '0689116861 -  ', 0),
(136, 'De carvalho', 'Emma', '2005-12-27', '0', 'débutant', '29 rue Louise Aglaë cretté 94400 Vitry sur seine', 116, 0, 0, '0621405988', 'De carvalho Olivier', '0621405988 0689116861', 0),
(137, 'CETKOVIC', 'LENA', '2010-10-04', '0', 'débutant', '150 RUE MARCEL HARTMANN 94200 IVRY SUR SEINE', 117, 0, 0, '0786580979', 'CETKOVIC LYDIA', '0786580979 0645365793', 0),
(138, 'MURA', 'Elliot', '2016-06-18', '0', 'débutant', '7 Allée Mulâtresse Solitude 94200 IVRY SUR SEINE', 118, 0, 0, '0617558000', 'MURA Anthony', '0617558000 0622485781', 0),
(139, 'Bossu', 'Nicolas', '1975-01-10', '0', 'débutant', '36 rue de la Tranchée 93100 MONTREUIL', 119, 0, 0, '0661868648', 'PAIRE Nathalie', '0673309086  ', 0),
(140, 'Paire', 'Nathalie', '1982-06-04', '0', 'débutant', '36 rue de la Tranchée 93100 MONTREUIL', 119, 0, 0, '0673309086', 'BOSSU Nicolas', '0661868648  ', 0),
(141, 'LANTIER', 'Antoine', '2012-08-24', '1', 'avancé', '51 Rue Maurice Gunsbourg   94200 Ivry sur seine', 120, 0, 0, '   ', 'Lantier Anne - LANTIER Sébastien', '0661147199 - 0680074604', 0),
(142, 'LANTIER', 'Clément', '2009-11-21', '1', 'avancé', '51 Rue Maurice Gunsbourg   94200 ivry sur seine', 120, 0, 0, '   ', 'LANTIER Anne - LANTIER Sébastien', '0661147199 - 0680074604', 0),
(143, 'PILLOT', 'LEO', '2011-09-13', '1', 'avancé', '29 Rue MARCEL LAMANT   94200 IVRY SUR SEINE', 121, 0, 0, '   ', 'PILLOT LUDOVIC - PILLOT HASNA', '0686838573 - 0651121622', 0),
(144, 'LECLERC', 'Sally', '2015-10-19', '0', 'intermédiaire', '4 bis Rue de la Révolution   94200 IVRY SUR SEINE', 122, 0, 0, '  0650981950', 'ENOUF Emilie - LECLERC Erwan', '0650981950 - 0666334141', 0),
(145, 'Dallou', 'Axel', '1985-12-30', '0', 'débutant', '96 bis Boulevard Paul Vaillant Couturier 94200 Ivry-Sur-Seine', 123, 0, 0, '0662960116', 'Marques Priscilia', '0620428478  ', 0),
(146, 'Marques', 'Priscilia', '1985-01-22', '0', 'débutant', '96 bis Boulevard Paul Vaillant Couturier 94200 Ivry-sur-Seine', 123, 0, 0, '0620428478', 'Dallou Axel', '066296016  ', 0),
(147, 'Dallou Marques', 'Suzanne', '2016-05-29', '0', 'débutant', '96 bis Boulevard Paul Vaillant Couturier 94200 Ivry-sur-Seine', 123, 0, 0, '0662960116', 'Dallou Axel', '0662960116 0620428478', 0),
(148, 'Thielleux', 'Matthieu', '1987-12-12', '0', 'débutant', '4 rue Claude Pernes 93110 Rosny Sous Bois', 124, 0, 0, '+33664179319', 'Bonnerot Laurence', '+33688317436  ', 0),
(149, 'Hanaizi', 'Zahir', '1990-03-19', '1', 'avancé', '70 RUE GEORGE GOSMAT\n94200 IVRY-SUR-SEINE', 125, 1, 0, 'A voir', 'A voir', '06 74 82 11 26', 0),
(150, 'Boulay', 'Priam', '2000-12-22', '0', 'avancé', 'TBD', 126, 1, 0, 'TBD', 'TBD', '+33 7 83 41 01 85', 0),
(151, 'Sidibe', 'Yoro', '1996-03-16', '0', 'avancé', '61 RUE DES PIROGUES DE BERCY\n75012 PARIS 12', 127, 1, 0, '06 58 17 68 96', 'TBD', '06 58 17 68 96', 0),
(152, 'Riffaud', 'Celia', '1973-07-17', '0', 'débutant', '75avenue Danielle Casanova 94200 ivry sur seine', 128, 0, 0, '0608217585', 'mehdi', '06 08 42 56 02', 0),
(153, 'Saroza MIchau', 'Luwen', '2018-07-07', '1', 'débutant', '24 Voie Lancret', 129, 0, 0, '0649641245', 'Mère', '0649641245', 0),
(154, 'Robledo-Gruel', 'Hugo', '1991-11-10', '1', 'intermédiaire', 'TBD', 130, 1, 0, '+33 6 15 95 07 96', 'TBD', '+33 6 15 95 07 96', 0),
(155, 'Laillier', 'Matthieu', '1988-10-13', '1', 'débutant', 'Dans le 16eme', 131, 1, 0, '+33 6 63 00 47 03', 'TBD', '+33 6 63 00 47 03', 0),
(156, 'Trouvé', 'Mélanie', '1996-04-04', '0', 'débutant', '251 Avenue Daumesnil   75012 PARIS', 43, 0, 0, '+33659921206 0659921206', '    -    ', '  -  ', 0),
(157, 'Lefebvre', 'Fanny', '1995-09-10', '0', 'débutant', '11 Rue des Cinq Diamants   75013 Paris', 132, 0, 0, '  0648375160', '    -    ', '  -  ', 0),
(158, 'blavy', 'camille', '1995-04-05', '0', 'intermédiaire', '68 Rue de meaux   75019 paris', 133, 0, 0, '  0640579480', '    -    ', '  -  ', 0),
(159, 'Voeuk', 'Rachaella', '2019-10-20', '0', 'débutant', '38 Rue Vérollot   94200 Ivry sur seine', 134, 0, 0, '0624081990 0624081990', 'Voeuk Gerard -    ', '  -  ', 0),
(160, 'CLEMENT ', 'Camille', '1992-01-14', '0', 'intermédiaire', '3 Rue Westermeyer   94200 Ivry sur seine', 7, 0, 0, '  0640199500', '    -    ', '  -  ', 0),
(161, 'al Chdid', 'Emma ', '2017-03-09', '0', 'débutant', '1 square Jean Thébaud 75015 Square 1 square Jean Thébaud 75015   75015 paris', 135, 0, 0, '  0636100825', '    -    ', '  -  ', 0),
(162, 'Paire', 'Nathalie', '1982-06-05', '0', 'intermédiaire', '36 Rue Tranchee   93100 Montreuil', 136, 0, 0, '  0673309086', '    -    ', '  -  ', 0),
(237, 'Trogneux', 'Wendolyn', '1997-08-12', '0', 'débutant', '36 Rue rue de picpus   75012 Paris', 182, 0, 0, '  0766555237', '    -    ', '  -  ', 0),
(164, 'Voeuk', 'Viesal olivier', '2014-09-19', '1', 'débutant', '38 Rue Vérollot   94200 Ivry sur seine', 134, 0, 0, '0624081990 0624081990', 'Voeuk Gerard -    ', '  -  ', 0),
(165, 'Voeuk', 'Rachana', '2015-10-08', '0', 'débutant', '38 Rue Vérollot   94200 Ivry sur seine', 134, 0, 0, '0624081990 0624081990', 'Voeuk Gerard - Voeuk Gerard', '  - 0624081990', 0),
(166, 'Goudreau', 'Eric', '1978-11-23', '1', 'intermédiaire', '3 Quai De la Brise Appartement 2205 94000 Créteil', 137, 0, 0, '  0683414299', '    -    ', '  -  ', 0),
(167, 'VILAYPHONH', 'Léo', '2018-10-11', '1', 'débutant', '25 Rue BAUDIN   94200 IVRY-SUR-SEINE', 138, 0, 0, '  0659605819', 'VILAYPHONH Anne-Claire - VILAYPHONH MARC', '0659605819 - 0659870520', 0),
(168, 'VILAYPHONH', 'Manon', '2015-01-15', '0', 'débutant', '25 Rue BAUDIN   94200 IVRY-SUR-SEINE', 138, 0, 0, '  0659605819', 'VILAYPHONH Anne-Claire - VILAYPHONH MARC', '0659605819 - 0659870520', 0),
(169, 'Abichou', 'Alia', '2016-04-23', '0', 'débutant', '8 Voie Olympe de gouges   94200 Ivry sur seine', 139, 0, 0, '0618137754 0618137754', 'Jabou Rimele -    ', '0618137754 -  ', 0),
(170, 'Besse', 'Morgane', '1991-03-26', '0', 'intermédiaire', '25 Rue des envierges   75020 Paris', 140, 0, 0, '  0630148974', '    -    ', '  -  ', 0),
(171, 'Hsaini ', 'Oumayma ', '2013-12-23', '0', 'débutant', '5 Rue Alexis chaussinand   94200 Ivry sur Seine', 141, 0, 0, '0143903355 0628461181', 'Hsaini Hanan - Hsaini Abdel mounaim', '0628461181 - 0628461181', 0),
(172, 'ZEGHMI', 'Lizia', '2013-12-17', '0', 'débutant', '20 bis Impasse Tellier   94200 Ivry-sur-seine', 142, 0, 0, '  0667357719', 'Zeghmi Hakim - Smadja Laetitia', '0667357719 - 0628067929', 0),
(173, 'Tremor ', 'Jahna', '2018-10-16', '0', 'débutant', '36 Avenue Henri barbusse   94200 Ivry-sur-Seine', 143, 0, 0, '  0677595553', 'Tremor Joemia - Tremor Joevin', '0677595553 - 0782192420', 0),
(174, 'Tremor ', 'Jahyla ', '2014-07-26', '0', 'débutant', '36 Avenue Henri barbusse   94200 Ivry sur seine', 143, 0, 0, '  0677595553', 'Tremor Joemia - Tremor Joevin', '0677595553 - 0782192420', 0),
(257, 'Mamadou', 'Badji', '1988-03-18', '1', 'avancé', '40 avenue Victor Hugo chez Alima Touré  \nMontfermeil 93370 ', 196, 1, 0, '0755201460', '', '', 0),
(176, 'Prefumo', 'Adele', '2018-03-07', '0', 'débutant', '173 rue marcel hartmann Rue Fouzia Prefumo Bat 4 94200 Ivry sur seine', 145, 0, 0, '0699659959 0699659959', 'Prefumo Fouzia -    ', '  -  ', 0),
(177, 'Rispal Tord', 'William', '2015-08-18', '1', 'débutant', '8 Rue Mozart   94200 Ivry sur Seine', 146, 0, 0, '  0675735942', 'Tord Romain - Rispal Jessica', '0675735942 - 0677761167', 0),
(178, 'Miranda-Ségor', 'Teeyah ', '2016-01-03', '0', 'débutant', '70 Avenue Georges gosnat Bâtiment i 94200 Ivry sur Seine', 147, 0, 0, '  0673288066', 'SEGOR Elodie -    ', '0673288066 -  ', 0),
(179, 'Grivel', 'Abigaïl', '2010-01-26', '0', 'intermédiaire', '175 Rue Marcel Hartmann   94200 IVRY SUR SEINE', 91, 0, 0, '+33146718894 +33681223435', 'Grivel Mathilde - Grivel Gaëtan', '+33681223435 - +33607668189', 0),
(180, 'Haidara', 'Rokia ', '2016-09-15', '0', 'débutant', '17 Rue Émile blin Apt A13 94200 Ivry-sur-Seine', 148, 0, 0, '  0613054437', 'Haidara Aminata - Haidara Mariama', '0613054437 - 0618380332', 0),
(181, 'Haidara', 'Kadia ', '2016-09-15', '0', 'débutant', '17 Rue Émile blin Apt A13 94200 Ivry-sur-Seine', 148, 0, 0, '0033170253833 0613054437', 'Haidara Aminata - Haidara Mariama', '0613054437 - 0618380332', 0),
(238, 'RAKROUKI', 'Maryam', '2015-11-25', '0', 'débutant', '203 Avenue Maurice thore   94200 Ivry sur seine', 183, 0, 0, '0612167848 0612167848', 'Rakrouki Beatrice - Rakrouki Yahya', '0612167848 -  ', 0),
(184, 'COULIBALY ', 'Mahdi', '2019-01-31', '1', 'débutant', '36 Avenue Henri Barbusse   94200 Ivry-sur-Seine', 149, 0, 0, '0619975426 0619975426', 'Coulibaly Marion - Coulibaly Namouri', '0619975426 - 0614665688', 0),
(185, 'Coulibaly', 'Malik', '2016-05-12', '1', 'débutant', '36 Avenue Henri Barbusse   94200 Ivry-sur-Seine', 149, 0, 0, '0619975426 0619975426', 'Coulibaly Marion - Coulibaly Namouri', '0619975426 - 0614665688', 0),
(186, 'Coulibaly', 'Inaya', '2014-10-16', '0', 'débutant', '36 Avenue Henri Barbusse   94200 Ivry-sur-Seine', 149, 0, 0, '0619975426 0619975426', 'Coulibaly Marion - Coulibaly Namouri', '0619975426 - 0614665688', 0),
(187, 'RAYNOVA', 'Lora', '2018-10-27', '0', 'débutant', '4 Bis Rue Fouilloux App D23 94200 Ivry-sur-Seine', 150, 0, 0, '  0651125944', 'Terzieva-Raynova Zhenya - Raynov Martin', '0651125944 - 0651414680', 0),
(188, 'Labidi', 'Shaïnese ', '2013-12-27', '0', 'débutant', '135 Boulevard De Stalingrad Apt 129 94400 Vitry-sur-Seine', 151, 0, 0, '  0659458171', 'Labidi Magalie - Neant Neant', '0659458171 - 0000000000', 0),
(189, 'Labidi', 'Jadde', '2013-12-27', '0', 'débutant', '235 Boulevard De Stalingrad Apt129 94400 Vitry sur seine', 151, 0, 0, '  0659458172', 'Labidi Magalie - Neant Neant', '0659458171 - 0000000000', 0),
(190, 'Labidi ', 'Dayanne ', '2010-05-16', '1', 'intermédiaire', '135 Boulevard De Stalingrad Apt 129 94400 Vitry sur seine', 151, 0, 0, '  0659458171', 'Labidi Magalie - Neant Neant', '0659458171 - 0000000000', 0),
(191, 'Rouffet', 'Melanie ', '1986-02-25', '0', 'débutant', '10 Rue Pierre brossolette   94200 Ivry-sur-Seine', 152, 0, 0, '0634276610 0634276610', 'Rouffet Mélanie -    ', '  -  ', 0),
(192, 'BENSIMON ', 'Elya ', '2019-09-09', '0', 'débutant', '18 Rue Antoine Thomas   94200 Ivry-sur-Seine', 153, 0, 0, '0146727042 0146727042', 'BENSIMON Fanny - BENSIMON Yoni', '0646492325 - 0671845087', 0),
(193, 'BENSIMON ', 'Lyla', '2017-12-14', '0', 'débutant', '18 Rue Antoine Thomas   94200 Ivry-sur-Seine', 153, 0, 0, '  0146727042', 'BENSIMON Fanny - BENSIMON Yoni', '0646492325 - 0671845087', 0),
(194, 'Vieira Carreira', 'Matilde', '2015-04-04', '0', 'débutant', '1 Impasse Chanvin   94200 Ivry sur Seine', 154, 0, 0, '  0605683714', 'Santos Vieira Soraia - Carreira Pedro', '0605683714 - 0612801063', 0),
(195, 'Touré', 'Lia', '2019-11-18', '0', 'débutant', '33 Rue Marceau   94200 Ivry sur seine', 155, 0, 0, '  0153621403', 'Tichet Anne Laure - Touré Charles André', '0662521841 - 0681470910', 0),
(196, 'DURAND', 'LISA', '1994-05-02', '0', 'intermédiaire', '102 Cours DE VINCENNES   75012 PARIS', 156, 0, 0, '  0633391350', '    -    ', '  -  ', 0),
(197, 'CEFERINO CASTANO ', 'Leandro', '2013-06-16', '1', 'débutant', '50 Rue Molière   94200 IVRY SUR SEINE', 157, 0, 0, '  0610661197', 'CEFERINO RAMIREZ Felipe - CASTANO TABARES Nathalia', '0627374028 - 0610661197', 0),
(198, 'CEFERINO CASTANO ', 'Alexander', '2015-09-08', '1', 'débutant', '50 Rue Molière   94200 IVRY SUR SEINE', 157, 0, 0, '  0610661197', 'CEFERINO RAMIREZ Felipe - CASTANO TABARES Nathalia', '0627374028 - 0610661197', 0),
(199, 'CEFERINO RAMIREZ ', 'Felipe ', '1985-10-29', '1', 'débutant', '50 Rue Molière   94200 IVRY SUR SEINE', 158, 0, 0, '  0627374028', '    -    ', '  -  ', 0),
(200, 'Ekra', 'Inaya', '2014-12-27', '0', 'débutant', '39 Rue Ampère   94200 Ivry sur seine', 159, 0, 0, '  0768585624', 'Moutsita Mankou Orestie - Ekra Mothie herve', '0768585624 - 0616595622', 0),
(201, 'Ekra', 'Layana ', '2016-03-03', '0', 'débutant', '39 Rue Ampère   94200 Ivry sur seine', 159, 0, 0, '  0768585624', 'Moutsita Mankou Orestie - Ekra Mothie herve', '0768585624 - 0616595622', 0),
(202, 'ADELAIDE', 'NATHAN', '2014-08-27', '1', 'débutant', '37 Rue QUARTIER PARISIEN BAT6 PORTE 301 94200 IVRY SUR SEINE', 160, 0, 0, '  0658405053', 'ADELAIDE SABRINA -    ', '0658405053 -  ', 0),
(203, 'BONNET', 'Kays', '2018-07-19', '1', 'débutant', '9 Rue Robespierre   94200 Ivry-sur-Seine', 161, 0, 0, '  0635221482', 'BONNET Bruno - BONNET Asmaa', '0685078333 - 0635221482', 0),
(204, 'BONNET', 'Kenzy', '2016-07-21', '1', 'débutant', '9 Rue Robespierre   94200 Ivry-sur-Seine', 161, 0, 0, '  0635221482', 'BONNET Bruno - BONNET Asmaa', '0685078333 - 0635221482', 0),
(205, 'BEN ICHOU LEPRINCE', 'Saül', '2017-01-07', '1', 'intermédiaire', '43 Rue DES FRERES BLAIS   94200 IVRY SUR SEINE', 34, 0, 0, '0626454992 0626454992', 'BEN ICHOU Mathieu - LEPRINCE CHLOE', '0626454992 - 0665523836', 0),
(206, 'BEN ICHOU LEPRINCE', 'Ismaël', '2013-08-01', '1', 'intermédiaire', '43 Rue DES FRERES BLAIS   94200 IVRY SUR SEINE', 34, 0, 0, '0626454992 0626454992', 'BEN ICHOU Mathieu - LEPRINCE CHLOE', '0626454992 - 0665523836', 0),
(207, 'kullab', 'perla', '2017-07-10', '0', 'débutant', '33 Rue ledru rollin   94200 Ivry-sur-Seine', 135, 0, 0, '  0636100825', '    -    ', '  -  ', 0),
(208, 'kullab', 'almas', '2015-08-10', '0', 'débutant', '33 Rue ledru rollin   94200 Ivry sur seine', 135, 0, 0, '  0636100825', 'kullab ezzaldeen -    ', '  -  ', 0),
(209, 'Mahadevan ', 'Sara', '2017-08-31', '0', 'débutant', '100 Rue Hoche   94200 Ivry-sur-Seine', 162, 0, 0, '  0139079011', 'Mahadevan Mangayatkarasi - Mahadevan Karunakaran', '0766364766 - 0651337139', 0),
(210, 'Touré', 'Joane ', '2015-04-28', '0', 'débutant', '33 Rue Marceau   94200 Ivry sur seine', 155, 0, 0, '0662521841 0662521841', 'Tichet Anne Laure - Touré Charles André', '0662521841 - 0681470910', 0),
(211, 'SISOURAT', 'Charlie', '2012-08-08', '0', 'intermédiaire', '57 Rue Jean Le Galleu   94200 Ivry Sur Seine', 163, 0, 0, '  0688497919', '    -    ', '  -  ', 0),
(212, 'Diop', 'Hafsa Awa', '2013-01-06', '0', 'débutant', '16 Rue Gaston Monmousseau Bâtiment F 94200 Ivry Sur seine', 164, 0, 0, '   ', 'Seck Fatou -    ', '06 50 79 97 72 -  ', 0),
(213, 'weber', 'medeline', '2015-12-15', '0', 'débutant', '10 Rue louis bertrand   94200 ivry sur seine', 165, 0, 0, '  0666784779', 'weber franck - bordelet noellie', '0666784779 - 0642648047', 0),
(214, 'de Boisgisson', 'Rita', '2013-06-24', '0', 'intermédiaire', '19 Rue louis fablet   94200 ivry sur seine', 166, 0, 0, '   ', 'de Boisgisson Laurent - de Boisgisson Amandine', '0645830371 - 0686479363', 0),
(215, 'Zavaro', 'Nina', '2016-06-07', '0', 'débutant', '175 Rue Marcel Hartmann   94200 Ivry-sur-Seine', 167, 0, 0, '0607497282  ', 'Zavaro Arthur - Motte Victoria', '0607497282 - 0662054427', 0),
(216, 'Zavaro ', 'Arthur ', '1987-03-26', '1', 'intermédiaire', '175 Rue Marcel Hartmann   94200 Ivry-sur-Seine', 167, 0, 0, '  0607497282', '    -    ', '  -  ', 0),
(217, 'Miralles Oudin', 'Isabel ', '2017-12-26', '0', 'débutant', '2 Rue rue Pierre Guignois   94200 Ivry-syr-Seine', 168, 0, 0, '   ', 'Miralles Yuna - Oudin Dorian', '0695054932 - 0652354498', 0),
(218, 'Miralles', 'Yuna', '1986-03-14', '0', 'débutant', '2 Rue Pierre Guignois batiment 3 94200 Ivry-sur-Seine', 168, 0, 0, '   ', '    -    ', '  -  ', 0),
(219, 'RABHI', 'AMELIA', '2017-03-17', '0', 'débutant', '2 Allée JACQUES LALOE BAT A1 94200 IVRY SUR SEINE', 169, 0, 0, '   ', 'RABHI SOUAD - RABHI ABDELKARIM', '0642387166 - 0679515449', 0),
(220, 'Bahraoui ', 'Ilyass', '2012-10-06', '1', 'avancé', '3bis Rue René Robin   94200 Ivry sur Seine', 170, 0, 0, '   ', 'Bahraoui Salah-eddine - Chagraoui Lamia', '0661810392 - 0648583800', 0),
(221, 'Makaya', 'Esther', '2016-02-17', '0', 'débutant', '6 Allée jacques laloe   94200 Ivry', 171, 0, 0, '   ', 'makaya landry - makaya nina', '0658091568 - 0668284703', 0),
(222, 'Makaya', 'Esdras', '2014-11-01', '1', 'débutant', '6 Allée jacques laloe   94200 Ivry', 171, 0, 0, '   ', 'makaya landry - makaya nina', '0658091568 - 0668284703', 0),
(223, 'Daguenet Michel', 'Camille', '2012-12-05', '0', 'intermédiaire', '53 Rue Molière   94200 Ivry-sur-Seine', 172, 0, 0, '  0681354479', 'Daguenet Ninon - Michel Laurent', '0681354479 - 0676201853', 0),
(224, 'Willième', 'Romane', '2015-12-02', '0', 'débutant', '19 Avenue anatole france   94400 Vitry sur seine', 173, 0, 0, '  0675447561', 'Melchior Marie-Laure - Willème Dominique', '0675447561 - 0678955674', 0),
(225, 'saim', 'camilya ', '2018-08-20', '0', 'débutant', '173 Rue Marcel Hartmann   94200 ivry sur seine', 174, 0, 0, '   ', '    -    ', '  -  ', 0),
(226, 'Tavani', 'Elias', '2014-03-02', '0', 'intermédiaire', '3 Avenue AVENUE DU GENERAL LECLERC BATIMENT B2 94200 IVRY SUR SEINE', 115, 0, 0, '0145351510  ', 'TAVANI MAHA - TAVANI AURELIEN', '0650883775 - 0667201521', 0),
(227, 'Malderez', 'Raphaële', '1985-12-25', '0', 'intermédiaire', '41 Rue des Favorites   75015 Paris', 175, 0, 0, '   ', '    -    ', '  -  ', 0),
(228, 'Miklas', 'Théo', '2016-05-04', '1', 'débutant', '173 Rue Marcel Hartmann bat 4 94200 Ivry-sur-Seine', 176, 0, 0, '0626596426  ', 'Miklas Michal - Miklas Katarzyna', '0626596426 - 0782308996', 0),
(229, 'Miklas', 'Lena', '2012-10-31', '0', 'débutant', '173 Rue Marcel Hartmann Bat 4 94200 Ivry-sur-Seine', 176, 0, 0, '   ', 'Miklas Michal - Miklas Katarzyna', '0626596426 - 0782308996', 0),
(230, 'BOURVIC', 'lola', '2015-07-18', '0', 'débutant', '52 Rue RASPAIL   94200 IVRY SUR SEINE', 177, 0, 0, '0145210095  ', 'QUENEL AMANDINE -    ', '0788521479 -  ', 0),
(231, 'CHARPENTIER DOUBIGNY', 'Aden', '2014-07-31', '1', 'débutant', '36 Rue Raspail   94200 Ivry sur seine', 178, 0, 0, '   ', 'DOUBIGNY Marina - CHARPENTIER Thierry', '0649845127 - 0646661075', 0),
(232, 'CHARPENTIER DOUBIGNY', 'Elouan', '2012-08-20', '1', 'intermédiaire', '36 Rue raspail   94200 Ivry sur seine', 178, 0, 0, '   ', 'DOUBIGNY Marina - CHARPENTIER Thierry', '0649845127 - 0646661075', 0),
(233, 'LAMOTTE ', 'Beevi ', '2014-01-11', '0', 'débutant', '9 Rue Lucien Nadaire   94200 IVRY SUR SEINE', 179, 0, 0, '0687786382  ', 'NOOR MOHAMED Alyma - LAMOTTE David', '0687786382 - 0670927744', 0),
(234, 'Grémont Rouzaut', 'Capucine', '2017-04-02', '0', 'débutant', '10 Rue Louis Bertrand   94200 Ivry-sur-Seine', 180, 0, 0, '   ', 'Rouzaut Marie - Grémont Adrien', '0610298065 - 0665371234', 0),
(235, 'Yanès', 'Victoria', '1997-09-02', '0', 'intermédiaire', '5 Chemin Du Parc de Charonne   75020 Paris', 181, 0, 0, '   ', '    -    ', '  -  ', 0),
(236, 'Prefumo', 'Ambre', '2013-09-28', '0', 'débutant', '173 Rue Marcel hartmann Bat 4 94200 Ivry sur seine', 145, 0, 0, '  0699659959', 'Prefumo Fouzia - Prefumo Florian', '0699659959 - 0699660390', 0),
(244, 'Gagnière', 'Julie', '1983-05-06', '0', 'débutant', '120 Avenue Danielle Casanova   94200 Ivry-sur-Seine', 187, 0, 0, '  0650348872', '    -    ', '  -  ', 0),
(245, 'Gagnière', 'Emma', '2016-07-20', '0', 'débutant', '120 Avenue Danielle Casanova   94200 Ivry-sur-Seine', 187, 0, 0, '  0650348872', 'Gagnière Julie - Gagnière Benoit', '0650348872 - 06 58 74 81 81', 0),
(243, 'ALAUZET', 'LUISA', '2015-08-05', '0', 'débutant', '43 Rue Camille Groult   94400 Vitry Sur Seine', 85, 0, 0, '  0650281566', 'Alauzet Alexandre - Alauzet Laetitia', '0650281566 - 0613380823', 0),
(246, 'ITTOBANE', 'Lyzia', '2019-03-31', '0', 'débutant', '31 Rue Michelet   94200 IVRY SUR SEINE', 188, 0, 0, '0 0143903355', 'AIT MOUHOUB / ITTOBANE Nassima - ITTOBANE Jaouad', '0623880405 - 0638190158', 0),
(247, 'ITTOBANE', 'Anélya', '2013-10-07', '0', 'débutant', '31 Rue MICHELET   94200 ivry sur seine', 188, 0, 0, '  0143903355', 'AIT MOUHOUB / ITTOBANE Nassima - ITTOBANE Jaouad', '0623880405 - 0638190158', 0),
(248, 'Ekissi', 'Abigail', '2015-08-19', '0', 'débutant', '37 Rue René Villars   94200 Ivry-sur-Seine', 189, 0, 0, '0625592957 0625592957', 'Deprez Rébecca - Ekissi Landry', '0625592957 - 0762888762', 0),
(249, 'ARABI', 'Lia', '2010-12-13', '0', 'débutant', '66 Avenue Jean Jaurès   Vitry-sur-seine 94400', 190, 0, 0, '0651232551 0651232551', 'HOUGUET Mélanie -    ', '0651232551 -  ', 0),
(250, 'Zavaro ', 'Léon ', '2014-05-26', '1', 'débutant', '175 Rue Marcel Hartmann   94200 Ivry-sur-Seine', 167, 0, 0, '  0607497282', 'Zavaro Arthur - Motte Victoria', '0607497282 - 0662054427', 0),
(251, 'Ospina Ceferino', 'Anais', '2016-12-11', '0', 'débutant', '18 Rue d\'Estienne d\'Orves   94240 l\'haÿ-les-roses', 191, 0, 0, '  0613317986', 'Ceferino Ramirez Leidy Johanna - Hurtado gil Natalia', '0613317986 - 0623486612', 0),
(252, 'Hurtado ceferino', 'Stéphanie ', '2006-07-24', '0', 'débutant', '18 Rue d\'Estienne   94240 l\'hay les roses', 192, 0, 0, '  0603414198', 'ceferino ramírez leidy - Hurtado gil Natalia', '0613317986 - 0623486612', 0),
(253, 'Meghiref ', 'Acyl', '2015-03-19', '1', 'débutant', '162 Rue Marcel Hartmann   94200 Ivry-sur-Seine', 193, 0, 0, '  0649869801', 'Meghiref Karima - Meghiref Oussama', '0649869801 - 0649829733', 0),
(254, 'Quehan', 'Margot', '2011-10-31', '0', 'avancé', '65 Boulevard Hippolyte Marques Batiment 16 94200 Ivry-sur-Seine', 194, 0, 0, '  0623570346', 'HERISSON Isabelle -    ', '0623570346 -  ', 0),
(255, 'Melliti ', 'Safiyah', '2014-11-28', '0', 'débutant', '92 Rue Jules lagaisse   94400 Vitry sur seine', 195, 0, 0, '  0984461808', 'Guerfi Cherifa - Guerfi Chérifa', '0651356135 - 0651838089', 0),
(256, 'Melliti ', 'Adam', '2017-02-18', '1', 'débutant', '92 Rue Jules lagaisse   94400 Vitry sur seine', 195, 0, 0, '  0984461808', 'Guerfi Chérifa - Guerfi Fatma', '0651356135 - 0651838089', 0);

-- --------------------------------------------------------

--
-- Structure de la table `saison`
--

DROP TABLE IF EXISTS `saison`;
CREATE TABLE IF NOT EXISTS `saison` (
  `id` int NOT NULL AUTO_INCREMENT,
  `nom` varchar(10) NOT NULL,
  `active` tinyint(1) NOT NULL,
  PRIMARY KEY (`id`)
) ENGINE=MyISAM AUTO_INCREMENT=3 DEFAULT CHARSET=utf8mb3;

--
-- Déchargement des données de la table `saison`
--

INSERT INTO `saison` (`id`, `nom`, `active`) VALUES
(1, '2022-2023', 0),
(2, '2023-2024', 1);

-- --------------------------------------------------------

--
-- Structure de la table `seance`
--

DROP TABLE IF EXISTS `seance`;
CREATE TABLE IF NOT EXISTS `seance` (
  `seance_id` int NOT NULL AUTO_INCREMENT,
  `cours` int NOT NULL,
  `libelle` varchar(255) DEFAULT NULL,
  `date_seance` date NOT NULL,
  `heure_debut` varchar(10) NOT NULL,
  `duree_cours` int NOT NULL,
  `lieu_id` int NOT NULL,
  `statut` enum('prévue','réalisée','annulée') NOT NULL,
  `age_requis` int NOT NULL,
  `age_maximum` int NOT NULL DEFAULT '99',
  `niveau_requis` set('débutant','intermédiaire','avancé') NOT NULL,
  `place_maximum` int DEFAULT NULL,
  `essai_possible` tinyint(1) NOT NULL DEFAULT '0',
  `notes` longtext NOT NULL,
  `info_seance` longtext NOT NULL,
  `projet` int NOT NULL,
  PRIMARY KEY (`seance_id`),
  KEY `cours_id` (`cours`)
) ENGINE=MyISAM AUTO_INCREMENT=47 DEFAULT CHARSET=utf8mb3;

--
-- Déchargement des données de la table `seance`
--

INSERT INTO `seance` (`seance_id`, `cours`, `libelle`, `date_seance`, `heure_debut`, `duree_cours`, `lieu_id`, `statut`, `age_requis`, `age_maximum`, `niveau_requis`, `place_maximum`, `essai_possible`, `notes`, `info_seance`, `projet`) VALUES
(1, 1, NULL, '2023-08-12', '15:34', 90, 1, 'prévue', 0, 0, 'débutant', NULL, 0, '', '', 0),
(2, 1, NULL, '2023-08-12', '14:39', 90, 2, 'prévue', 0, 0, 'débutant', NULL, 0, '', '', 0),
(3, 1, 'Adultes - RollerSoccer', '2023-08-25', '19:00', 90, 2, 'prévue', 14, 99, 'intermédiaire', NULL, 0, '', '', 0),
(4, 3, NULL, '2023-08-17', '15:50', 75, 1, 'prévue', 4, 0, 'débutant', NULL, 0, '', '', 0),
(5, 3, NULL, '2023-08-25', '15:50', 75, 1, 'prévue', 4, 0, 'débutant', NULL, 0, '', '', 0),
(6, 8, 'Adultes - RollBall', '2023-09-13', '20:30', 90, 2, 'prévue', 14, 99, 'intermédiaire', NULL, 0, '', '', 0),
(7, 1, 'Adultes - RollerSoccer', '2023-09-13', '19:00', 90, 2, 'prévue', 14, 99, 'intermédiaire', NULL, 0, '', '', 0),
(8, 16, 'Adultes - Roller Derby', '2023-09-11', '20:00', 120, 2, 'réalisée', 18, 99, 'intermédiaire', NULL, 0, '', '', 0),
(9, 9, 'Adultes - RollerSoccer', '2023-09-13', '19:00', 90, 2, 'réalisée', 13, 99, 'intermédiaire,avancé', NULL, 0, '+ essai', '', 0),
(10, 15, 'Adultes - RollBall', '2023-09-13', '20:30', 90, 2, 'réalisée', 14, 99, 'intermédiaire,avancé', NULL, 0, '', '', 0),
(11, 17, 'Adultes - Roller Derby - Jeudi', '2023-09-14', '20:00', 150, 3, 'réalisée', 18, 99, 'intermédiaire', NULL, 0, '', '', 0),
(12, 10, 'Enfants - Initiation', '2023-09-17', '14:00', 80, 1, 'réalisée', 4, 18, 'débutant', NULL, 0, '', '', 0),
(13, 14, 'Enfants - Roller Street', '2023-09-17', '15:30', 90, 1, 'réalisée', 8, 18, 'intermédiaire,avancé', NULL, 0, '', '', 0),
(14, 11, 'Enfants - Activités : Multiglisse', '2023-09-17', '16:00', 80, 1, 'réalisée', 8, 18, 'intermédiaire,avancé', NULL, 0, '', '', 0),
(15, 12, 'Adultes - Rollers', '2023-09-17', '14:30', 90, 1, 'réalisée', 16, 99, 'débutant,intermédiaire,avancé', NULL, 0, '', '', 0),
(16, 13, 'Enfants - RollerSoccer', '2023-09-17', '17:00', 90, 1, 'réalisée', 8, 18, 'intermédiaire', NULL, 0, '', '', 0),
(17, 9, 'Adultes - RollerSoccer', '2023-09-06', '20:00', 120, 2, 'réalisée', 8, 99, 'intermédiaire', NULL, 0, '', '', 0),
(18, 9, 'Adultes - RollerSoccer', '2023-09-20', '19:00', 90, 2, 'réalisée', 13, 99, 'intermédiaire,avancé', NULL, 0, '', '', 0),
(19, 15, 'Adultes - RollBall', '2023-09-20', '20:30', 90, 2, 'réalisée', 14, 99, 'intermédiaire,avancé', NULL, 0, '', '', 0),
(20, 17, 'Adultes - Roller Derby - Jeudi', '2023-09-21', '20:00', 150, 3, 'réalisée', 18, 99, 'intermédiaire', NULL, 0, '', '', 0),
(21, 18, 'Adultes - Roller Derby Samedi', '2023-09-23', '10:00', 120, 3, 'réalisée', 18, 99, 'intermédiaire', NULL, 0, '', '', 0),
(22, 10, 'Enfants - Initiation', '2023-09-24', '14:00', 80, 1, 'réalisée', 4, 99, 'débutant,intermédiaire', NULL, 0, '', '', 0),
(23, 12, 'Adultes - Rollers', '2023-09-24', '14:30', 90, 1, 'réalisée', 16, 99, 'débutant,intermédiaire,avancé', NULL, 0, '', '', 0),
(24, 11, 'Enfants - Activités : Multiglisse', '2023-09-24', '16:00', 80, 1, 'réalisée', 8, 99, 'intermédiaire,avancé', NULL, 0, '', '', 0),
(25, 14, 'Enfants - Roller Street', '2023-09-24', '15:30', 90, 1, 'réalisée', 8, 99, 'intermédiaire,avancé', NULL, 0, '', '', 0),
(26, 13, 'Enfants - RollerSoccer', '2023-09-24', '17:00', 90, 1, 'réalisée', 8, 99, 'intermédiaire,avancé', NULL, 0, '', '', 0),
(27, 10, 'Enfants - Initiation', '2023-10-08', '14:00', 80, 1, 'réalisée', 3, 14, 'débutant,intermédiaire', NULL, 0, '', '', 0),
(28, 11, 'Enfants - Activités : Multiglisse ROLLBALL', '2023-10-08', '16:00', 80, 1, 'réalisée', 5, 18, 'débutant,intermédiaire,avancé', NULL, 0, '', 'Séance RollBall', 0),
(29, 14, 'Enfants - Roller Street', '2023-10-08', '15:30', 90, 1, 'réalisée', 8, 18, 'intermédiaire,avancé', NULL, 0, '', 'Semaine prochaine c\'est sortie en skate park', 0),
(30, 13, 'Enfants - RollerSoccer', '2023-10-08', '17:00', 90, 1, 'réalisée', 8, 18, 'intermédiaire,avancé', NULL, 0, '', '', 0),
(31, 9, 'Adultes - RollerSoccer', '2023-10-11', '19:00', 90, 2, 'annulée', 13, 99, 'intermédiaire,avancé', NULL, 1, 'aaaaaaaaaaaaaaaaaaaaaaa', '', 0),
(32, 15, 'Adultes - RollBall', '2023-10-11', '20:30', 90, 2, 'prévue', 14, 99, 'intermédiaire,avancé', NULL, 1, '', '', 0),
(33, 10, 'Enfants - Initiation', '2023-10-15', '14:00', 80, 1, 'prévue', 3, 18, 'débutant,intermédiaire', NULL, 0, '', '', 0),
(34, 11, 'Enfants - Activités : Multiglisse', '2023-10-15', '16:00', 80, 1, 'prévue', 5, 18, 'intermédiaire,avancé', NULL, 0, '', 'Programme à définir', 0),
(35, 14, 'Roller Street', '2023-10-15', '15:30', 90, 1, 'prévue', 8, 18, 'intermédiaire,avancé', 15, 0, '', 'Sortie au skate park de Vitry,  n\'hésitez pas à venir nous accompagner!', 0),
(36, 13, 'Enfants - RollerSoccer', '2023-10-15', '17:00', 90, 1, 'prévue', 8, 18, 'intermédiaire,avancé', NULL, 0, '', 'Possible retard suite à la séance en skate park', 0),
(37, 9, 'Adultes - RollerSoccer', '2023-10-18', '19:00', 90, 2, 'prévue', 13, 99, 'intermédiaire,avancé', NULL, 0, '', '', 0),
(38, 15, 'Adultes - RollBall', '2023-10-18', '20:30', 90, 2, 'prévue', 14, 99, 'intermédiaire,avancé', NULL, 1, '', '', 0),
(39, 12, 'Adultes - Rollers', '2023-10-08', '14:30', 90, 1, 'réalisée', 15, 99, 'débutant,intermédiaire,avancé', NULL, 0, '+ essai Pauline / Adrien', '', 0),
(40, 12, 'Adultes - Rollers', '2023-10-15', '14:30', 90, 1, 'prévue', 15, 99, 'débutant,intermédiaire,avancé', NULL, 0, '', '', 0),
(41, 12, 'Adultes - Rollers', '2023-10-01', '14:30', 90, 1, 'réalisée', 15, 99, 'débutant,intermédiaire,avancé', NULL, 0, '', '', 0),
(42, 10, 'Enfants - Initiation', '2023-10-22', '14:00', 80, 1, 'prévue', 3, 15, 'débutant,intermédiaire', NULL, 0, '', '', 0),
(43, 12, 'Adultes - Rollers', '2023-10-22', '14:30', 90, 1, 'prévue', 15, 99, 'débutant,intermédiaire,avancé', NULL, 0, '', '', 0),
(44, 14, 'Enfants - Roller Street', '2023-10-22', '15:30', 90, 1, 'prévue', 8, 99, 'intermédiaire,avancé', NULL, 0, '', '', 0),
(45, 11, 'Enfants - Activités : Multiglisse', '2023-10-22', '16:00', 80, 1, 'prévue', 6, 99, 'intermédiaire,avancé', NULL, 0, '', '', 0),
(46, 13, 'Enfants - RollerSoccer', '2023-10-22', '17:00', 90, 1, 'prévue', 8, 99, 'intermédiaire,avancé', NULL, 0, '', '', 0);

-- --------------------------------------------------------

--
-- Structure de la table `seance_professeur`
--

DROP TABLE IF EXISTS `seance_professeur`;
CREATE TABLE IF NOT EXISTS `seance_professeur` (
  `seance_id` int NOT NULL,
  `professeur_id` int NOT NULL
) ENGINE=MyISAM DEFAULT CHARSET=utf8mb3;

--
-- Déchargement des données de la table `seance_professeur`
--

INSERT INTO `seance_professeur` (`seance_id`, `professeur_id`) VALUES
(1, 31),
(1, 42),
(2, 42),
(3, 42),
(4, 31),
(4, 42),
(5, 31),
(7, 42),
(6, 24),
(7, 31),
(3, 31),
(8, 74),
(9, 31),
(9, 42),
(10, 24),
(11, 74),
(12, 149),
(12, 151),
(13, 149),
(13, 151),
(14, 150),
(15, 150),
(41, 150),
(16, 151),
(17, 31),
(17, 42),
(10, 154),
(42, 257),
(18, 31),
(18, 42),
(19, 24),
(19, 154),
(20, 74),
(21, 74),
(22, 149),
(22, 151),
(23, 150),
(24, 150),
(25, 149),
(25, 151),
(26, 151),
(27, 151),
(27, 47),
(28, 150),
(28, 31),
(29, 151),
(30, 151),
(30, 31),
(31, 31),
(31, 42),
(32, 24),
(32, 154),
(33, 151),
(33, 149),
(34, 150),
(35, 151),
(35, 149),
(36, 151),
(36, 31),
(37, 31),
(37, 42),
(38, 154),
(38, 24),
(39, 150),
(40, 150),
(42, 151),
(42, 149),
(44, 151),
(44, 149),
(45, 150),
(45, 257),
(46, 151),
(46, 31);
COMMIT;

/*!40101 SET CHARACTER_SET_CLIENT=@OLD_CHARACTER_SET_CLIENT */;
/*!40101 SET CHARACTER_SET_RESULTS=@OLD_CHARACTER_SET_RESULTS */;
/*!40101 SET COLLATION_CONNECTION=@OLD_COLLATION_CONNECTION */;
